x-axis,y-axis,precipitation,air_temp,ocean_temp,ice_thickness
-243200,2067200,404.280639648,251.581512451,272.344940186,738.645446777
-121600,2067200,527.547485352,250.521286011,272.534759521,463.837524414
0,2067200,352.272277832,249.629226685,272.597290039,393.135192871
121600,2067200,261.181396484,251.433914185,273.296386719,840.517272949
243200,2067200,358.309295654,250.613601685,273.66619873,794.453308105
364800,2067200,101.28717041,251.826675415,273.610137939,635.581970215
486400,2067200,236.30519104,252.893005371,273.423950195,1033.93261719
608000,2067200,254.874176025,252.892196655,273.565673828,401.585174561
-364800,1945600,186.801818848,251.436431885,272.184448242,433.949462891
-243200,1945600,228.084350586,249.175735474,272.485015869,775.997192383
-121600,1945600,461.252807617,244.585754395,272.646972656,836.556762695
0,1945600,247.852111816,245.556732178,272.825622559,765.146850586
121600,1945600,137.003936768,239.514190674,273.108215332,390.730773926
243200,1945600,208.756500244,237.898086548,273.338439941,205.119644165
364800,1945600,24.05493927,239.428649902,273.437042236,705.13873291
486400,1945600,235.269958496,243.499557495,273.538543701,1229.11071777
608000,1945600,139.978622437,248.213760376,273.798858643,1252.45544434
729600,1945600,73.8946533203,251.535491943,274.15020752,397.548675537
972800,1945600,122.411026001,254.548980713,273.941833496,245.055511475
1094400,1945600,296.400054932,257.117340088,272.80847168,303.933654785
-486400,1824000,313.553070068,250.175125122,272.43157959,336.116210938
-364800,1824000,232.738769531,250.046356201,272.45123291,1352.41088867
-243200,1824000,125.927696228,243.397171021,272.515930176,789.16583252
-121600,1824000,165.824188232,237.770812988,272.636535645,1855.7401123
0,1824000,133.575973511,235.86088562,272.758789062,2001.10168457
121600,1824000,59.6218109131,232.790740967,272.967346191,1666.328125
243200,1824000,46.6621208191,229.839523315,273.143463135,2463.61938477
364800,1824000,41.6861381531,231.40335083,273.291625977,2384.75317383
486400,1824000,108.993606567,233.594467163,273.430938721,1375.61010742
608000,1824000,133.421630859,238.842697144,273.607940674,890.662780762
729600,1824000,-2.95893859863,243.7578125,273.790802002,859.560546875
851200,1824000,-7.34898376465,248.107208252,273.887420654,1077.59204102
972800,1824000,10.9158325195,252.088058472,273.883850098,1132.90100098
1094400,1824000,88.2822799683,251.118560791,273.052581787,937.781799316
1216000,1824000,189.447814941,252.220901489,272.474212646,840.079223633
-608000,1702400,170.389312744,251.660720825,272.005767822,311.867645264
-486400,1702400,118.009361267,248.337997437,272.269134521,457.280517578
-364800,1702400,217.031555176,247.678344727,272.281280518,1204.25646973
-243200,1702400,201.755065918,240.729721069,272.453948975,991.63269043
-121600,1702400,57.1396179199,231.852828979,272.549346924,2281.21289062
0,1702400,72.2125473022,229.546508789,272.678222656,2241.75268555
121600,1702400,65.1156158447,229.027069092,272.838928223,2770.38476562
243200,1702400,49.0438308716,227.169616699,272.989257812,2776.53198242
364800,1702400,46.0491256714,226.408157349,273.134246826,2954.33129883
486400,1702400,55.4937057495,228.133758545,273.264190674,2629.77490234
608000,1702400,80.3740005493,231.550888062,273.392974854,1826.65759277
729600,1702400,63.2227325439,234.770721436,273.499938965,1865.73876953
851200,1702400,175.857757568,237.102676392,273.537841797,731.593994141
972800,1702400,97.9282150269,243.360778809,273.475738525,1782.42053223
1094400,1702400,62.3743057251,245.460876465,273.00680542,1551.12780762
1216000,1702400,74.440826416,246.012069702,272.61831665,1331.75866699
1337600,1702400,480.80368042,248.961685181,272.348602295,751.417724609
1459200,1702400,168.17401123,251.58442688,272.406677246,1011.59185791
1580800,1702400,220.257553101,248.385604858,273.108978271,1219.14404297
1702400,1702400,624.417053223,253.01121521,273.306488037,893.520202637
1824000,1702400,848.758911133,259.982971191,272.946655273,239.257858276
-608000,1580800,209.775390625,248.550308228,272.202209473,231.992141724
-486400,1580800,128.305084229,249.526519775,272.111602783,671.437072754
-364800,1580800,115.058418274,243.98387146,272.226715088,656.016723633
-243200,1580800,38.1810455322,234.470825195,272.324890137,1234.64660645
-121600,1580800,48.424369812,229.970169067,272.437988281,2821.10595703
0,1580800,46.7939224243,228.068481445,272.576629639,2595.20288086
121600,1580800,47.1180953979,226.806915283,272.719909668,2310.09228516
243200,1580800,44.0685081482,225.474609375,272.850189209,2733.52636719
364800,1580800,38.7322731018,223.911209106,272.979400635,2956.8918457
486400,1580800,46.2278366089,224.119995117,273.090087891,2654.99316406
608000,1580800,63.7371673584,226.141479492,273.186157227,2707.17407227
729600,1580800,84.0306243896,228.447753906,273.25189209,2202.81689453
851200,1580800,155.627426147,232.122360229,273.255828857,2039.60827637
972800,1580800,112.553207397,236.339752197,273.151062012,1538.5222168
1094400,1580800,81.7354202271,238.452087402,272.956237793,1113.6550293
1216000,1580800,151.616485596,239.178253174,272.752807617,1409.48193359
1337600,1580800,205.875289917,241.683990479,272.636138916,1757.32189941
1459200,1580800,168.645172119,242.343002319,272.731689453,1956.72827148
1580800,1580800,184.3565979,241.112075806,273.008911133,1389.80688477
1702400,1580800,349.100189209,243.875549316,273.206756592,1434.79370117
1824000,1580800,412.660064697,250.367507935,273.381256104,265.603881836
1945600,1580800,494.989562988,254.62727356,273.842803955,54.521484375
2067200,1580800,521.186157227,253.654846191,274.257080078,302.098754883
-2432000,1459200,309.520202637,262.914520264,273.119110107,0.00475265691057
-608000,1459200,367.658843994,248.726318359,271.787780762,196.747940063
-486400,1459200,375.548309326,247.89781189,271.738189697,1221.37792969
-364800,1459200,125.710464478,240.171569824,272.080169678,1107.43774414
-243200,1459200,39.1991233826,233.462234497,272.172180176,2481.57446289
-121600,1459200,41.970615387,230.337463379,272.402038574,2672.24414062
0,1459200,39.2539749146,228.400222778,272.465698242,2638.16674805
121600,1459200,37.0308990479,226.939575195,272.601531982,2591.78125
243200,1459200,34.5406417847,225.280975342,272.714904785,2693.60498047
364800,1459200,34.5479125977,223.300323486,272.827423096,2845.07080078
486400,1459200,31.031211853,222.184661865,272.920257568,2933.45727539
608000,1459200,31.2565898895,222.172332764,272.994750977,2475.26782227
729600,1459200,47.6911849976,223.669448853,273.040802002,2565.25537109
851200,1459200,87.631072998,227.536865234,273.044250488,2023.88305664
972800,1459200,95.1656036377,230.240325928,272.990386963,2306.859375
1094400,1459200,84.4104309082,231.564956665,272.898040771,1859.86730957
1216000,1459200,109.054931641,233.134216309,272.807342529,1963.30041504
1337600,1459200,148.012893677,235.229827881,272.7734375,1942.69482422
1459200,1459200,140.136398315,235.818069458,272.837341309,2292.375
1580800,1459200,135.257781982,235.777709961,272.992095947,2166.05517578
1702400,1459200,220.001068115,239.072113037,273.165863037,2175.6237793
1824000,1459200,204.38394165,241.109191895,273.449707031,1148.70703125
1945600,1459200,259.643890381,243.809768677,273.976867676,1069.26037598
2067200,1459200,708.245910645,246.474273682,274.844665527,963.370605469
-2432000,1337600,1096.28808594,260.011535645,273.219238281,61.3589134216
-608000,1337600,169.123321533,245.686630249,271.828430176,1209.12243652
-486400,1337600,37.868309021,240.113388062,271.793426514,1882.73937988
-364800,1337600,36.1443710327,236.735580444,272.037231445,1582.20275879
-243200,1337600,40.5883255005,233.928375244,272.142974854,2844.17407227
-121600,1337600,41.1023864746,231.313278198,272.199737549,2352.50561523
0,1337600,34.1977653503,228.916442871,272.268585205,3030.96069336
121600,1337600,32.4252738953,227.346710205,272.493011475,2781.9921875
243200,1337600,31.7869491577,225.606567383,272.599304199,2834.76660156
364800,1337600,29.0215988159,223.224563599,272.70022583,3141.53808594
486400,1337600,28.5764198303,221.59413147,272.781433105,3197.21826172
608000,1337600,28.2984924316,220.340637207,272.845245361,3121.87475586
729600,1337600,33.3187408447,220.275741577,272.885864258,2785.89746094
851200,1337600,46.5852546692,222.746841431,272.897644043,2586.28076172
972800,1337600,57.3425254822,224.86289978,272.877563477,2348.92895508
1094400,1337600,59.7030220032,226.035415649,272.838317871,2231.97216797
1216000,1337600,66.1822967529,227.982849121,272.802276611,2379.86645508
1337600,1337600,81.3004455566,229.996490479,272.797393799,2435.78149414
1459200,1337600,89.0690841675,231.229660034,272.843109131,2687.68334961
1580800,1337600,93.3180847168,232.405380249,272.94619751,2001.14025879
1702400,1337600,117.372085571,233.934814453,273.088317871,2406.77270508
1824000,1337600,109.852958679,235.361999512,273.287963867,2173.06616211
1945600,1337600,191.491897583,239.694351196,273.531219482,1658.16906738
2067200,1337600,267.853057861,247.681793213,273.661224365,1203.50793457
-2432000,1216000,2333.78710938,261.670776367,273.651794434,252.770675659
-2310400,1216000,446.354614258,257.367675781,272.660217285,474.608734131
-2188800,1216000,388.773590088,258.279815674,271.835693359,221.357162476
-729600,1216000,276.051025391,253.777175903,271.756195068,174.532394409
-608000,1216000,39.6603164673,242.775131226,271.810180664,1188.7376709
-486400,1216000,61.1423606873,241.067718506,271.780395508,1832.11730957
-364800,1216000,45.1974983215,238.129043579,271.969482422,2443.42529297
-243200,1216000,54.7540893555,235.56854248,272.074310303,1877.3458252
-121600,1216000,35.5355072021,231.962402344,272.185943604,1889.2244873
0,1216000,31.1680755615,229.173843384,272.201324463,2847.28540039
121600,1216000,32.3355407715,227.332763672,272.280090332,3023.09594727
243200,1216000,33.1626396179,225.476715088,272.494262695,2923.0300293
364800,1216000,26.6083068848,223.223358154,272.585723877,3025.45703125
486400,1216000,24.5986289978,221.570068359,272.658996582,2916.70727539
608000,1216000,27.7255592346,219.723205566,272.717498779,2813.84790039
729600,1216000,23.4197826385,219.076202393,272.758300781,2261.89453125
851200,1216000,31.7371177673,218.680053711,272.779510498,2883.04882812
972800,1216000,36.3662872314,220.512527466,272.782073975,2838.0612793
1094400,1216000,42.0149650574,221.517501831,272.77243042,3035.7019043
1216000,1216000,47.8086051941,223.85949707,272.763000488,2673.86425781
1337600,1216000,50.6874847412,225.861236572,272.767059326,3014.44970703
1459200,1216000,54.4818687439,226.977264404,272.794250488,2630.00268555
1580800,1216000,61.646484375,227.873931885,272.851165771,2685.07983398
1702400,1216000,68.4927520752,229.67640686,272.929138184,2670.55249023
1824000,1216000,75.4954376221,232.403366089,273.02255249,2084.76855469
1945600,1216000,118.682617188,236.385986328,273.08996582,1804.95153809
2067200,1216000,243.627929688,243.618637085,273.040863037,493.660980225
-2310400,1094400,1302.69396973,256.20614624,273.286651611,62.3788566589
-2188800,1094400,504.684173584,255.469207764,272.220611572,233.764770508
-729600,1094400,170.341110229,247.991989136,271.742095947,640.271484375
-608000,1094400,86.631439209,243.970535278,271.760864258,1549.63598633
-486400,1094400,29.8645133972,241.83531189,271.861297607,986.510314941
-364800,1094400,68.0991973877,241.094711304,271.765258789,1655.76708984
-243200,1094400,65.8178100586,236.833007812,271.851165771,2172.73828125
-121600,1094400,37.9149131775,232.290496826,272.128417969,2837.24902344
0,1094400,33.7587394714,229.591110229,272.128540039,2635.8527832
121600,1094400,30.2386283875,227.773330688,272.326202393,2463.11035156
243200,1094400,28.323759079,225.450576782,272.406707764,2942.2800293
364800,1094400,26.7204036713,223.257247925,272.489135742,2948.53759766
486400,1094400,25.1629180908,221.338500977,272.557250977,3129.51000977
608000,1094400,24.3640518188,219.685958862,272.613647461,3316.34228516
729600,1094400,23.8917198181,218.068481445,272.656585693,3099.36499023
851200,1094400,20.1286659241,217.434494019,272.685455322,3063.31201172
972800,1094400,25.4324378967,217.689956665,272.702209473,2897.42700195
1094400,1094400,31.8947105408,219.459106445,272.708343506,3258.81542969
1216000,1094400,37.379989624,221.873596191,272.710113525,3161.93945312
1337600,1094400,43.9931869507,224.991271973,272.712554932,2236.56640625
1459200,1094400,56.9151115417,226.743804932,272.719940186,2605.16674805
1580800,1094400,66.2816085815,227.804122925,272.734283447,2835.69140625
1702400,1094400,77.5279312134,230.215148926,272.749450684,2123.81933594
1824000,1094400,95.1265182495,232.056289673,272.76083374,2461.14746094
1945600,1094400,108.378715515,236.403121948,272.746795654,1826.21765137
2067200,1094400,149.741989136,241.939453125,272.669952393,1962.00842285
2188800,1094400,202.133544922,252.135055542,272.765197754,769.194335938
-2310400,972800,2092.27856445,261.751342773,273.139099121,188.881744385
-2188800,972800,1206.9230957,255.98588562,272.698272705,345.16973877
-2067200,972800,605.363952637,251.109512329,272.027038574,51.6024169922
-1945600,972800,432.709228516,250.921447754,271.756500244,710.047912598
-1824000,972800,411.291442871,251.532073975,271.593353271,105.369804382
-729600,972800,161.97946167,244.215194702,271.614318848,639.723327637
-608000,972800,69.0727462769,242.126693726,271.727661133,1159.95471191
-486400,972800,74.5506591797,243.918502808,271.815765381,2165.03637695
-364800,972800,85.8601150513,239.492370605,271.936187744,619.332214355
-243200,972800,52.0394630432,235.89414978,271.80847168,1757.26025391
-121600,972800,38.5468444824,232.4115448,272.07208252,2497.27392578
0,972800,33.4294509888,230.940078735,272.178527832,1866.59606934
121600,972800,24.9717826843,228.302398682,272.26763916,2356.98461914
243200,972800,27.361825943,226.484542847,272.327087402,2373.25708008
364800,972800,25.2719669342,224.056091309,272.404144287,2686.66943359
486400,972800,25.8490028381,221.39302063,272.469146729,3099.58422852
608000,972800,25.1871242523,219.3230896,272.524993896,3413.89208984
729600,972800,23.1149044037,217.102111816,272.57043457,3354.06103516
851200,972800,19.2569198608,215.565261841,272.605407715,2736.51416016
972800,972800,22.3997421265,216.536865234,272.632080078,2513.4699707
1094400,972800,28.4182186127,219.017486572,272.64831543,3104.05151367
1216000,972800,38.0192260742,222.763946533,272.655639648,2816.65307617
1337600,972800,55.0663642883,227.337966919,272.652099609,2140.97753906
1459200,972800,73.0499649048,229.922790527,272.637145996,2226.62939453
1580800,972800,83.9680023193,232.103408813,272.618164062,1578.93347168
1702400,972800,89.4682235718,234.875518799,272.570495605,1682.62780762
1824000,972800,109.688049316,235.537231445,272.51651001,2075.86547852
1945600,972800,142.33039856,237.406326294,272.450958252,1000.86706543
2067200,972800,176.699462891,242.890823364,272.389953613,1409.60791016
2188800,972800,222.250549316,248.669555664,272.619445801,1169.24267578
-2067200,851200,960.438110352,258.240722656,271.936035156,855.284729004
-1945600,851200,470.231079102,254.642715454,271.867156982,209.778030396
-1824000,851200,613.935974121,252.021408081,271.688140869,98.9720687866
-1702400,851200,343.561096191,247.820343018,271.598419189,731.86706543
-1580800,851200,111.105140686,249.307052612,271.532623291,278.23236084
-1459200,851200,245.523834229,257.069122314,271.376831055,185.214584351
-1337600,851200,206.249237061,250.678359985,271.43460083,305.942657471
-1216000,851200,204.303375244,247.413314819,271.291412354,321.141784668
-1094400,851200,190.179016113,246.455093384,271.346984863,357.902984619
-972800,851200,156.419494629,246.806381226,271.297576904,451.975921631
-851200,851200,244.035400391,245.288665771,271.626586914,735.911560059
-729600,851200,119.619064331,242.287658691,271.604217529,746.662658691
-608000,851200,83.9112548828,241.484024048,271.702545166,834.024536133
-486400,851200,69.6414413452,240.216171265,271.74029541,1562.78137207
-364800,851200,62.8343009949,238.269622803,271.836090088,1617.85827637
-243200,851200,60.5096168518,233.893463135,271.977203369,1370.14782715
-121600,851200,47.6763000488,229.964035034,272.052856445,2426.13818359
0,851200,44.2859954834,229.107498169,272.099578857,3550.16040039
121600,851200,32.1394691467,225.678848267,271.998596191,3329.68115234
243200,851200,28.8920497894,225.470977783,272.322052002,3452.63745117
364800,851200,29.6491222382,225.982421875,272.32119751,2305.02685547
486400,851200,29.448261261,222.744552612,272.386779785,2167.58325195
608000,851200,27.9033145905,219.058547974,272.443115234,2800.11572266
729600,851200,22.6176433563,216.644058228,272.490905762,2847.46020508
851200,851200,19.2716598511,214.781936646,272.531005859,3333.23217773
972800,851200,23.4006252289,215.83152771,272.56628418,3466.53955078
1094400,851200,30.3800735474,219.586883545,272.593261719,3386.91699219
1216000,851200,44.4212875366,224.09815979,272.609619141,2338.67822266
1337600,851200,64.4488449097,229.240478516,272.599853516,2060.61035156
1459200,851200,85.938583374,234.098358154,272.562408447,1386.81628418
1580800,851200,87.4332351685,237.949966431,272.570373535,490.415740967
1702400,851200,83.1103210449,240.962783813,272.373474121,1554.2409668
1824000,851200,109.731117249,242.45664978,272.25088501,1289.30615234
1945600,851200,140.114044189,245.111633301,272.202819824,42.4689903259
2067200,851200,378.887512207,246.978927612,272.070373535,738.645019531
2188800,851200,542.413208008,249.484481812,272.324279785,876.440795898
-2188800,729600,2011.93029785,262.7215271,272.779205322,245.437927246
-2067200,729600,609.101013184,257.380187988,272.273498535,68.1294326782
-1945600,729600,504.821777344,255.49621582,272.006744385,152.200027466
-1824000,729600,412.617858887,255.986877441,271.783447266,445.669799805
-1702400,729600,1046.64538574,254.895202637,271.604278564,965.071044922
-1580800,729600,181.8256073,246.131973267,271.518249512,693.07824707
-1459200,729600,177.267471313,247.886566162,271.438323975,229.227890015
-1337600,729600,158.293533325,246.569992065,271.417633057,450.691558838
-1216000,729600,174.044830322,245.516860962,271.3699646,415.634857178
-1094400,729600,186.326980591,244.283477783,271.377105713,421.570770264
-972800,729600,161.077804565,243.292160034,271.426055908,509.801452637
-851200,729600,148.956985474,245.10168457,271.34954834,813.543395996
-729600,729600,108.91444397,241.29675293,271.60836792,1224.27209473
-608000,729600,95.0009384155,244.450286865,271.531860352,698.282165527
-486400,729600,102.528305054,240.070632935,271.786437988,1515.44189453
-364800,729600,75.1160888672,235.264450073,271.866210938,1639.6895752
-243200,729600,77.0689620972,232.917419434,271.945373535,1766.04418945
-121600,729600,63.4908103943,230.392318726,272.016296387,1592.59509277
0,729600,42.3205986023,227.213653564,272.129943848,2445.07836914
121600,729600,33.6447982788,223.823486328,272.080505371,3194.65039062
243200,729600,33.1324615479,224.017120361,272.000549316,3670.6862793
364800,729600,38.5491943359,225.264266968,272.259124756,2323.92578125
486400,729600,37.4986190796,223.652923584,272.321105957,2387.85498047
608000,729600,28.4403762817,219.219741821,272.37689209,2326.91210938
729600,729600,21.3190021515,216.644378662,272.426025391,2857.33251953
851200,729600,20.2070884705,214.272857666,272.469665527,3420.67431641
972800,729600,24.9026641846,216.70085144,272.511535645,3586.95385742
1094400,729600,38.1455001831,221.428894043,272.549591064,3159.77246094
1216000,729600,58.3625869751,225.526123047,272.601470947,2430.30615234
1337600,729600,82.0039749146,230.938980103,272.498565674,1514.62609863
1459200,729600,87.4299316406,236.493133545,272.605499268,1493.42004395
1580800,729600,60.8267593384,240.729888916,272.798278809,1976.71166992
1702400,729600,35.111038208,242.773101807,272.622741699,1634.00720215
1824000,729600,57.5397109985,246.708084106,272.430358887,1230.3137207
1945600,729600,110.389465332,246.857406616,272.219421387,777.440307617
2067200,729600,254.268615723,247.492202759,272.150634766,565.14666748
2188800,729600,429.271636963,250.595932007,272.295837402,347.620391846
-1945600,608000,788.583984375,257.42199707,272.200805664,328.770996094
-1824000,608000,483.324645996,255.706039429,271.863067627,283.647583008
-1702400,608000,1006.8782959,256.051818848,271.556304932,939.805236816
-1580800,608000,380.891143799,247.183532715,271.545898438,1545.8848877
-1459200,608000,233.501815796,247.647842407,271.444335938,418.62399292
-1337600,608000,167.10786438,245.598358154,271.306640625,563.09564209
-1216000,608000,156.052276611,244.45791626,271.29901123,476.294311523
-1094400,608000,160.144332886,243.164642334,271.344787598,456.915222168
-972800,608000,161.66809082,242.049560547,271.447937012,614.437744141
-851200,608000,157.79335022,242.556213379,271.537261963,741.013183594
-729600,608000,138.257720947,240.233505249,271.616912842,1053.21069336
-608000,608000,150.058349609,242.801559448,271.691925049,1206.06945801
-486400,608000,107.169082642,239.761199951,271.8387146,1421.37219238
-364800,608000,88.168006897,234.886978149,271.853668213,2047.73303223
-243200,608000,77.7103347778,233.139465332,271.921813965,1101.87841797
-121600,608000,57.6981048584,228.821716309,271.982055664,1621.59973145
0,608000,45.5427322388,225.306915283,272.039428711,2226.69970703
121600,608000,39.892868042,222.810714722,272.098236084,2939.28564453
243200,608000,38.8985290527,224.042816162,271.949066162,3304.09082031
364800,608000,38.6814117432,224.626022339,272.204864502,2220.10253906
486400,608000,37.6868629456,222.027038574,272.264160156,2861.78295898
608000,608000,27.8123645782,219.195144653,272.318023682,2911.67431641
729600,608000,20.850643158,216.037033081,272.367645264,3329.12744141
851200,608000,20.8099193573,214.303283691,272.413635254,3525.5300293
972800,608000,27.6098670959,217.34286499,272.459533691,3367.88134766
1094400,608000,43.4599380493,222.67855835,272.501403809,2285.38354492
1216000,608000,61.1404151917,227.979354858,272.536743164,2372.60498047
1337600,608000,72.7085952759,232.277145386,272.599273682,2315.14355469
1459200,608000,81.9816055298,235.632354736,272.707702637,2485.21362305
1580800,608000,77.9404144287,240.590377808,272.681121826,2255.61865234
1702400,608000,67.1355361938,241.546005249,272.586090088,1459.41638184
1824000,608000,64.7468643188,244.48866272,272.239654541,1136.60144043
1945600,608000,83.5544891357,245.353393555,272.105072021,847.618652344
2067200,608000,158.668655396,248.325561523,272.21786499,790.584777832
-1824000,486400,680.708251953,261.057281494,271.845855713,187.072296143
-1702400,486400,935.46697998,255.49861145,271.636016846,818.646972656
-1580800,486400,283.663208008,248.218475342,271.556243896,773.79901123
-1459200,486400,234.325775146,246.74307251,271.476898193,795.760864258
-1337600,486400,211.563598633,244.781341553,271.294067383,665.787902832
-1216000,486400,182.551177979,243.345397949,271.249694824,609.011413574
-1094400,486400,190.611541748,242.815551758,271.369445801,472.191040039
-972800,486400,183.907974243,241.316925049,271.395294189,520.083251953
-851200,486400,197.665985107,240.256561279,271.560577393,1054.96948242
-729600,486400,196.987243652,239.800918579,271.63092041,1121.75402832
-608000,486400,168.878509521,241.172439575,271.708709717,684.270996094
-486400,486400,117.108909607,239.558624268,271.783630371,1240.65917969
-364800,486400,92.9615707397,235.900146484,271.847808838,1231.67614746
-243200,486400,71.6344680786,231.93296814,271.903259277,1780.55126953
-121600,486400,58.6334571838,228.170623779,271.951751709,2166.22094727
0,486400,45.9054298401,224.546783447,272.00189209,2331.75317383
121600,486400,42.1864700317,223.032806396,272.121795654,3051.66040039
243200,486400,43.6562423706,224.768096924,272.09475708,2426.30957031
364800,486400,40.1322212219,223.50302124,272.159423828,2175.88549805
486400,486400,29.5116786957,219.943130493,272.212585449,3539.51733398
608000,486400,26.7799816132,218.469848633,272.264343262,2913.94116211
729600,486400,22.901424408,215.025939941,272.313934326,3058.56274414
851200,486400,20.4892597198,214.660614014,272.361480713,3196.51757812
972800,486400,28.8025074005,217.291778564,272.409912109,3256.95727539
1094400,486400,39.5190124512,221.96496582,272.452362061,2372.82421875
1216000,486400,57.3402290344,227.241699219,272.494903564,2513.67553711
1337600,486400,73.8907546997,230.391738892,272.540771484,1739.96838379
1459200,486400,72.1785507202,234.055526733,272.53112793,2611.12109375
1580800,486400,82.9919281006,237.909805298,272.657745361,2243.18798828
1702400,486400,72.3579330444,240.470581055,272.333557129,1048.11206055
1824000,486400,101.592895508,241.07220459,272.271331787,54.167842865
1945600,486400,97.1959991455,242.973327637,272.226196289,1623.53344727
2067200,486400,204.732177734,244.953826904,272.260528564,1488.93249512
2188800,486400,350.741973877,250.369400024,272.269317627,997.157287598
2310400,486400,156.836685181,259.327209473,272.645477295,0.000241424728301
-1824000,364800,714.69921875,257.058197021,272.167266846,282.781738281
-1702400,364800,811.730285645,250.702423096,271.663818359,1057.4831543
-1580800,364800,395.080749512,246.610076904,271.597290039,2330.26000977
-1459200,364800,259.271514893,246.112579346,271.508209229,1083.08569336
-1337600,364800,248.429489136,244.936141968,271.426452637,774.099487305
-1216000,364800,194.672180176,243.37461853,271.370056152,830.483093262
-1094400,364800,162.992431641,242.298843384,271.449859619,744.818237305
-972800,364800,186.324279785,241.36920166,271.524902344,935.000671387
-851200,364800,231.097930908,241.73739624,271.592529297,1075.11706543
-729600,364800,259.168731689,242.196868896,271.650604248,1199.63903809
-608000,364800,189.586776733,241.690505981,271.605224609,607.511047363
-486400,364800,137.565963745,238.685180664,271.756530762,1891.27868652
-364800,364800,112.000534058,235.436309814,271.806121826,2442.6184082
-243200,364800,86.2559356689,231.481903076,271.712127686,1931.36877441
-121600,364800,66.4940185547,228.325180054,271.978759766,2558.90454102
0,364800,49.9219093323,225.035217285,271.971038818,2448.97875977
121600,364800,43.6493492126,223.857696533,272.017547607,2793.63525391
243200,364800,42.4571685791,224.463348389,272.059661865,2382.32226562
364800,364800,31.1238861084,221.508544922,272.113098145,3713.99584961
486400,364800,27.6090297699,218.748748779,272.163726807,2990.33300781
608000,364800,24.7326278687,218.168395996,272.21383667,2815.78564453
729600,364800,19.3485774994,215.175323486,272.263214111,2901.19384766
851200,364800,18.3259983063,214.175415039,272.312042236,3234.00708008
972800,364800,26.0583343506,215.671524048,272.363891602,2995.74731445
1094400,364800,36.5241622925,220.451202393,272.411132812,2574.78173828
1216000,364800,64.4457397461,226.12928772,272.432647705,1358.50146484
1337600,364800,70.6272354126,228.072601318,272.800506592,3382.78149414
1459200,364800,65.5854797363,231.440734863,272.819488525,3510.12719727
1580800,364800,58.140247345,233.438293457,272.406555176,1938.24633789
1702400,364800,66.110748291,234.234466553,272.361785889,1900.08898926
1824000,364800,93.9148025513,235.275390625,272.345703125,1993.67358398
1945600,364800,105.952209473,237.489959717,272.360198975,1946.91186523
2067200,364800,146.379760742,240.075897217,272.424804688,1650.97814941
2188800,364800,222.825164795,243.805007935,272.588897705,1724.91430664
2310400,364800,298.449554443,247.994003296,272.97958374,1517.07678223
2432000,364800,587.09185791,260.062591553,273.431976318,360.417266846
-1702400,243200,844.206054688,250.265960693,271.669067383,1346.2845459
-1580800,243200,417.42755127,246.373443604,271.657287598,3007.85229492
-1459200,243200,303.296142578,246.461410522,271.684844971,1016.38092041
-1337600,243200,294.222137451,245.079620361,271.527893066,519.452209473
-1216000,243200,199.389526367,243.623840332,271.442718506,845.476013184
-1094400,243200,144.870635986,243.494659424,271.585540771,634.293457031
-972800,243200,172.593338013,246.171325684,271.586761475,1221.44433594
-851200,243200,176.908798218,244.54296875,271.63293457,1703.90917969
-729600,243200,194.268341064,243.861938477,271.676025391,2069.53125
-608000,243200,180.350784302,241.168731689,271.743438721,898.548034668
-486400,243200,162.54246521,238.478317261,271.782440186,386.958679199
-364800,243200,133.657714844,234.378219604,271.841644287,1388.58752441
-243200,243200,103.274536133,230.109451294,271.743988037,2937.46020508
-121600,243200,73.3032608032,227.57270813,271.94329834,2941.80444336
0,243200,56.7974510193,225.140594482,271.817016602,3595.78125
121600,243200,50.884185791,223.859268188,271.977539062,2587.85327148
243200,243200,37.065246582,222.746688843,272.010772705,2510.60571289
364800,243200,30.8342914581,220.446563721,272.064331055,2762.94970703
486400,243200,26.000535965,218.598236084,272.113006592,3120.60620117
608000,243200,21.5526294708,218.36920166,272.16192627,2464.90454102
729600,243200,14.8797388077,215.589447021,272.210754395,2990.63427734
851200,243200,13.7465362549,214.660446167,272.260345459,2439.32958984
972800,243200,16.8433132172,214.412277222,272.316131592,2370.15234375
1094400,243200,28.873966217,217.850799561,272.376861572,1921.90661621
1216000,243200,60.3807525635,222.975799561,272.46963501,2202.98022461
1337600,243200,59.6166687012,226.021408081,272.642608643,2896.43261719
1459200,243200,55.311000824,228.507598877,272.439453125,2716.17944336
1580800,243200,55.8308296204,229.324920654,272.390686035,2528.74462891
1702400,243200,64.6178436279,230.22328186,272.384735107,2381.578125
1824000,243200,83.009223938,231.255340576,272.397491455,2389.53393555
1945600,243200,90.6885223389,232.964035034,272.442260742,2453.4987793
2067200,243200,132.405471802,235.691375732,272.531188965,2296.54199219
2188800,243200,203.543029785,239.653076172,272.68862915,2121.62207031
2310400,243200,331.160430908,244.499359131,273.167358398,2038.55480957
2432000,243200,491.97454834,251.360229492,273.226104736,1231.81286621
2553600,243200,673.980712891,258.402770996,273.060577393,289.254547119
-1824000,121600,1182.20397949,256.413757324,271.930206299,293.579467773
-1702400,121600,458.218841553,248.385665894,271.710845947,1566.96191406
-1580800,121600,358.308074951,246.378326416,271.698272705,2130.06640625
-1459200,121600,366.122711182,245.433151245,271.658172607,2293.27124023
-1337600,121600,310.372741699,245.112915039,271.629760742,2177.53637695
-1216000,121600,-26.3451004028,243.886138916,271.591400146,8.78660774231
-1094400,121600,-24.4182434082,242.035903931,271.643798828,332.665222168
-972800,121600,120.504875183,243.014358521,271.643768311,2320.47509766
-851200,121600,137.063323975,243.23387146,271.622650146,1516.33007812
-729600,121600,133.93347168,241.925338745,271.702087402,2648.41455078
-608000,121600,138.699203491,239.60609436,271.547424316,1571.74279785
-486400,121600,132.453521729,238.249526978,271.57824707,2104.51171875
-364800,121600,133.68901062,236.64654541,271.827209473,1260.16711426
-243200,121600,92.3413314819,229.439407349,271.862213135,2045.07421875
-121600,121600,78.615737915,225.564300537,271.859375,2591.53833008
0,121600,65.6901931763,224.904525757,271.790130615,3255.703125
121600,121600,50.4710197449,223.379150391,271.931243896,2633.23876953
243200,121600,36.1665153503,219.96887207,271.980895996,3565.19384766
364800,121600,31.6630344391,220.407287598,272.016876221,2975.50488281
486400,121600,24.3060131073,219.106628418,272.06628418,3237.2734375
608000,121600,19.796918869,218.477081299,272.114135742,3092.6262207
729600,121600,15.4473981857,216.830993652,272.161743164,2935.35131836
851200,121600,16.6367549896,215.988998413,272.210449219,2576.40771484
972800,121600,15.0918292999,214.553756714,272.26574707,2865.31542969
1094400,121600,23.5139942169,215.637008667,272.325469971,2043.32189941
1216000,121600,41.8641815186,219.021972656,272.400817871,2963.30224609
1337600,121600,46.3935508728,222.720611572,272.458862305,2880.07177734
1459200,121600,48.8535270691,224.456161499,272.410675049,2907.21240234
1580800,121600,52.8495903015,225.699859619,272.381347656,2788.26269531
1702400,121600,61.4055328369,227.016616821,272.38571167,2689.58666992
1824000,121600,74.6842346191,228.937805176,272.414733887,2699.32836914
1945600,121600,88.0992507935,230.84211731,272.473205566,2913.31396484
2067200,121600,134.361740112,233.513031006,272.568725586,2712.0
2188800,121600,204.375793457,237.682617188,272.691345215,2502.50878906
2310400,121600,346.494812012,242.36177063,273.069213867,2189.80664062
2432000,121600,558.74786377,248.559356689,273.171356201,1646.5814209
2553600,121600,578.993408203,255.37852478,273.351135254,199.898696899
-1824000,0,1035.64294434,255.003173828,271.871673584,692.276794434
-1702400,0,283.485076904,249.151794434,271.929351807,1818.27746582
-1580800,0,468.945098877,248.119781494,271.936553955,1864.9675293
-1459200,0,332.311279297,244.719573975,271.716033936,2447.14501953
-1337600,0,213.464889526,243.177505493,271.512298584,1970.78857422
-1216000,0,139.677383423,241.071762085,271.638824463,2065.33227539
-1094400,0,98.7806549072,240.185180664,271.692687988,1281.82800293
-972800,0,114.393791199,240.321289062,271.758972168,2157.96777344
-851200,0,122.644775391,239.497009277,271.545196533,2117.47192383
-729600,0,124.625305176,238.656356812,271.652923584,1928.42175293
-608000,0,123.89125824,236.953109741,271.763977051,1621.52246094
-486400,0,155.150802612,235.134750366,271.79486084,489.701293945
-364800,0,140.528640747,234.770568848,271.646179199,2457.95556641
-243200,0,102.212417603,229.619537354,271.8543396,2132.42797852
-121600,0,87.3042373657,224.979049683,271.858032227,2703.19921875
0,0,76.9790420532,224.300354004,271.893768311,2828.44628906
121600,0,46.2701339722,222.706848145,271.907684326,2777.47021484
243200,0,37.4083480835,219.504104614,271.942047119,3100.73022461
364800,0,33.7617797852,219.868301392,271.976715088,3344.87744141
486400,0,24.9452095032,219.897689819,272.022216797,3107.08764648
608000,0,22.9138641357,219.68031311,272.067230225,2952.78295898
729600,0,16.8747215271,217.84664917,272.112335205,2929.3359375
851200,0,17.9639263153,216.401031494,272.158599854,2383.25561523
972800,0,15.5930938721,215.557296753,272.209564209,2765.3828125
1094400,0,18.0934314728,214.262649536,272.259277344,3163.45727539
1216000,0,27.217912674,216.250305176,272.306915283,3504.46728516
1337600,0,34.3887367249,219.22303772,272.337310791,3577.28540039
1459200,0,41.3696060181,221.611450195,272.341827393,3158.84863281
1580800,0,45.8192405701,223.2162323,272.344604492,2958.69580078
1702400,0,53.8258323669,224.464279175,272.363494873,2947.65698242
1824000,0,65.8968200684,226.654067993,272.402801514,2803.38232422
1945600,0,90.870803833,229.193908691,272.465637207,2850.32763672
2067200,0,123.09172821,231.911026001,272.559936523,2865.56030273
2188800,0,160.592269897,236.272033691,272.714660645,2572.41308594
2310400,0,252.220626831,241.075927734,272.76763916,1980.91394043
2432000,0,377.460266113,246.762329102,273.060821533,1688.98706055
2553600,0,532.846313477,258.335083008,272.85244751,109.858604431
-1824000,-121600,1402.39099121,255.441696167,271.720703125,478.557067871
-1702400,-121600,297.579803467,249.904251099,271.978729248,1651.59484863
-1580800,-121600,532.792236328,249.281021118,271.965484619,2024.49816895
-1459200,-121600,497.320922852,246.995849609,271.979949951,1857.40930176
-1337600,-121600,298.414398193,243.083480835,271.936309814,3543.87768555
-1216000,-121600,251.397399902,241.686172485,271.924438477,3530.40112305
-1094400,-121600,170.621337891,240.116256714,271.918670654,2680.8581543
-972800,-121600,90.0196685791,238.909225464,271.764953613,1676.89404297
-851200,-121600,114.367500305,238.503005981,271.8019104,1876.51794434
-729600,-121600,149.331176758,237.417160034,271.704040527,2690.56591797
-608000,-121600,197.614074707,237.004257202,271.732910156,2171.09814453
-486400,-121600,187.600753784,234.583007812,271.840026855,1612.66003418
-364800,-121600,129.173492432,231.959655762,271.859558105,2326.08203125
-243200,-121600,124.927734375,230.260681152,271.864562988,1798.36328125
-121600,-121600,101.208999634,226.334564209,271.859405518,2684.56420898
0,-121600,74.0012741089,223.48928833,271.875488281,2485.93774414
121600,-121600,59.0395050049,221.703155518,271.888519287,3123.62744141
243200,-121600,40.6162796021,220.938491821,271.906829834,3088.59277344
364800,-121600,31.5462226868,219.765960693,271.941894531,3402.76708984
486400,-121600,28.2125778198,220.045471191,271.980712891,3180.04443359
608000,-121600,23.3380489349,219.930847168,272.020599365,3137.99536133
729600,-121600,20.785823822,219.36656189,272.062438965,2983.19921875
851200,-121600,18.9077644348,218.115829468,272.105834961,2860.81518555
972800,-121600,14.8209209442,216.358062744,272.15234375,3155.55664062
1094400,-121600,15.4673919678,215.251419067,272.193908691,3125.6706543
1216000,-121600,15.710108757,215.869155884,272.229370117,2993.54296875
1337600,-121600,21.9263877869,217.039321899,272.254608154,2993.92407227
1459200,-121600,26.7467384338,218.824768066,272.27130127,3042.88867188
1580800,-121600,35.3835258484,220.532531738,272.290557861,3081.54394531
1702400,-121600,47.7130012512,222.089569092,272.320709229,3335.77661133
1824000,-121600,62.8340835571,224.369644165,272.367401123,3429.421875
1945600,-121600,80.6597137451,227.5390625,272.428436279,2881.11669922
2067200,-121600,95.4969024658,230.755279541,272.500396729,2906.27001953
2188800,-121600,125.501426697,234.485031128,272.61920166,2423.70410156
2310400,-121600,189.514755249,239.482391357,272.7421875,1868.44433594
2432000,-121600,318.57019043,245.059371948,273.078399658,1732.04138184
2553600,-121600,749.346679688,254.984207153,272.989196777,889.45715332
2675200,-121600,803.55480957,264.652862549,272.617980957,7.45859622955
-1945600,-243200,1043.59448242,258.818725586,272.294311523,344.929382324
-1824000,-243200,1042.67578125,255.939712524,272.117004395,365.743469238
-1702400,-243200,413.1953125,253.0105896,271.958190918,978.808776855
-1580800,-243200,739.341308594,252.40737915,272.030517578,1540.20581055
-1459200,-243200,559.044372559,248.273071289,272.011657715,2258.98999023
-1337600,-243200,330.434509277,244.861740112,271.993041992,3095.52050781
-1216000,-243200,323.811706543,242.842453003,271.977020264,2577.23120117
-1094400,-243200,195.910110474,240.743789673,271.966094971,3421.48974609
-972800,-243200,168.934158325,240.442718506,272.060089111,2790.24072266
-851200,-243200,175.695129395,240.79737854,271.901550293,2036.10595703
-729600,-243200,229.695205688,242.497177124,271.849822998,1541.37231445
-608000,-243200,288.702392578,242.360275269,271.829040527,1721.9921875
-486400,-243200,268.315704346,239.178710938,271.931915283,771.345703125
-364800,-243200,218.380081177,234.746887207,271.906555176,754.755737305
-243200,-243200,143.259460449,233.026138306,271.888275146,1137.55883789
-121600,-243200,137.707305908,230.855148315,271.875091553,762.18951416
0,-243200,54.6604957581,227.16708374,271.87109375,1921.27966309
121600,-243200,46.4927444458,224.729476929,271.875518799,3019.26757812
243200,-243200,42.9276123047,223.376358032,271.887268066,3016.13842773
364800,-243200,28.6761054993,221.859069824,271.909729004,3112.03295898
486400,-243200,27.9829063416,220.98739624,271.938293457,2939.38452148
608000,-243200,22.6938037872,220.998123169,271.972381592,3029.11499023
729600,-243200,22.7018890381,220.221710205,272.011322021,3496.17285156
851200,-243200,21.3940753937,219.491394043,272.053314209,3048.72143555
972800,-243200,15.2358865738,218.141571045,272.097808838,3007.98925781
1094400,-243200,14.8602695465,217.326950073,272.135253906,2392.46142578
1216000,-243200,15.1837348938,217.049926758,272.163909912,2911.65991211
1337600,-243200,17.9553222656,216.75378418,272.183380127,3163.34399414
1459200,-243200,25.0968379974,217.554153442,272.199981689,2579.32739258
1580800,-243200,35.2621040344,219.428283691,272.224151611,3372.46533203
1702400,-243200,48.2243881226,221.35194397,272.260192871,3399.97290039
1824000,-243200,63.0285758972,223.840759277,272.316162109,3351.7644043
1945600,-243200,80.9149780273,227.038513184,272.384460449,2987.18310547
2067200,-243200,114.601768494,230.579040527,272.425323486,2857.1953125
2188800,-243200,156.542510986,233.664535522,272.985565186,2741.83349609
2310400,-243200,181.079727173,237.939819336,272.769897461,1741.11608887
2432000,-243200,258.463409424,244.203353882,272.856872559,1308.74487305
2553600,-243200,707.389526367,254.553268433,273.363861084,338.751647949
-1945600,-364800,969.742492676,260.814086914,272.714538574,108.897171021
-1824000,-364800,648.699279785,257.050628662,272.289031982,320.225494385
-1580800,-364800,956.87512207,256.263427734,271.954620361,321.011016846
-1459200,-364800,463.854614258,249.834838867,272.079711914,1634.75537109
-1337600,-364800,419.620025635,245.844512939,272.050567627,2808.97875977
-1216000,-364800,389.494812012,244.352355957,272.026885986,2833.03979492
-1094400,-364800,226.533737183,242.361968994,272.010986328,2629.8137207
-972800,-364800,215.395828247,242.173782349,272.100280762,3589.6809082
-851200,-364800,177.715301514,244.353439331,271.985137939,1795.08557129
-729600,-364800,203.375961304,246.105102539,272.083740234,1929.20056152
-608000,-364800,184.873901367,246.554275513,271.968322754,1282.98522949
-486400,-364800,197.742782593,246.8543396,272.065124512,1938.92749023
-364800,-364800,292.627990723,247.475952148,272.055480957,1317.15588379
-243200,-364800,266.580596924,240.029434204,271.919281006,158.858291626
-121600,-364800,146.379714966,233.394668579,271.875640869,920.334899902
0,-364800,55.6149215698,230.561096191,271.860687256,1272.82348633
121600,-364800,38.8939094543,228.688919067,271.854125977,1725.33935547
243200,-364800,31.4921226501,225.443786621,271.857543945,2629.55029297
364800,-364800,24.8737678528,224.156585693,271.868988037,2830.63574219
486400,-364800,23.9469547272,222.510253906,271.887573242,3549.20996094
608000,-364800,20.4716243744,222.281585693,271.916015625,3023.93652344
729600,-364800,25.8605556488,221.770446777,271.954223633,2648.73364258
851200,-364800,21.9869537354,220.464935303,271.998077393,2803.93603516
972800,-364800,15.912768364,219.051498413,272.045532227,3013.98144531
1094400,-364800,16.5418434143,217.562835693,272.084289551,3479.45483398
1216000,-364800,15.0396308899,217.018188477,272.10736084,3806.42822266
1337600,-364800,17.4425506592,216.440597534,272.111816406,4563.84960938
1459200,-364800,23.1879081726,217.958251953,272.117401123,3440.39916992
1580800,-364800,34.4302215576,220.189483643,272.140228271,3341.07275391
1702400,-364800,48.6434135437,222.333557129,272.173980713,3012.56298828
1824000,-364800,65.4641494751,224.485473633,272.247314453,2991.86914062
1945600,-364800,92.3697738647,227.311187744,272.349304199,2954.38061523
2067200,-364800,135.59777832,231.039276123,272.440612793,2599.00244141
2188800,-364800,197.24710083,235.088760376,273.01071167,3075.62475586
2310400,-364800,339.111633301,239.234542847,273.109436035,2893.65722656
2432000,-364800,563.897766113,243.772766113,272.892730713,614.188720703
2553600,-364800,800.998291016,253.74760437,273.191833496,76.0563964844
-1580800,-486400,821.42401123,257.734527588,272.17401123,191.811691284
-1459200,-486400,919.025512695,251.040008545,272.151947021,1804.76281738
-1337600,-486400,462.02230835,246.260299683,272.097503662,2522.14208984
-1216000,-486400,443.50680542,244.51953125,272.06552124,2941.72265625
-1094400,-486400,201.990432739,242.774108887,272.148101807,2693.79882812
-972800,-486400,156.566101074,243.405548096,272.136474609,2659.57495117
-851200,-486400,135.569366455,245.268661499,272.124450684,2969.20336914
-729600,-486400,140.796340942,246.450973511,272.110412598,2323.9284668
-608000,-486400,137.204696655,245.48348999,272.09262085,1303.65905762
-486400,-486400,132.590515137,245.941482544,272.07131958,1603.71899414
-364800,-486400,151.428848267,247.258132935,272.137145996,809.350341797
-243200,-486400,268.033599854,244.648178101,272.026428223,1021.06488037
-121600,-486400,334.692047119,241.355041504,271.888549805,20.8707847595
0,-486400,52.4077262878,231.136154175,271.842468262,25.8483886719
121600,-486400,27.4215354919,230.627059937,271.821411133,1.47937190533
243200,-486400,26.5844726562,229.217468262,271.82321167,1550.03942871
364800,-486400,20.2919502258,225.850067139,271.823669434,2557.27148438
486400,-486400,21.4137020111,224.044677734,271.829681396,2664.76318359
608000,-486400,16.950340271,222.935623169,271.852722168,2851.66625977
729600,-486400,19.4311389923,222.340621948,271.895446777,2615.65429688
851200,-486400,18.692565918,222.023223877,271.945587158,2918.42944336
972800,-486400,16.3072013855,220.155197144,272.002563477,2934.76708984
1094400,-486400,15.9632644653,218.671646118,272.053649902,3108.48266602
1216000,-486400,15.6905212402,218.229873657,272.080627441,3240.5559082
1337600,-486400,17.7478160858,218.401992798,272.041809082,3201.97460938
1459200,-486400,25.6063327789,219.385742188,272.018585205,3154.78979492
1580800,-486400,36.7543373108,221.078216553,272.085693359,3273.89550781
1702400,-486400,51.5248069763,222.851394653,272.827423096,3511.84204102
1824000,-486400,73.6259918213,224.856323242,272.910614014,3461.43652344
1945600,-486400,93.7316436768,226.91317749,272.801391602,3202.96069336
2067200,-486400,123.481941223,230.977767944,272.889282227,3015.52929688
2188800,-486400,156.191009521,235.82170105,272.996063232,2885.34057617
2310400,-486400,214.507064819,240.4896698,272.813446045,1964.19543457
2432000,-486400,379.685302734,245.689590454,273.179992676,2328.98974609
2553600,-486400,378.053314209,254.744644165,272.670288086,292.718475342
2675200,-486400,538.879150391,262.387878418,272.960601807,104.6147995
-1580800,-608000,1140.25854492,255.691818237,272.331726074,355.142089844
-1459200,-608000,800.550048828,251.717407227,272.185424805,1293.82189941
-1337600,-608000,426.845092773,245.868591309,272.116455078,3078.75
-1216000,-608000,333.55456543,243.49005127,272.133148193,1772.86682129
-1094400,-608000,175.388641357,242.880477905,272.180633545,2748.83154297
-972800,-608000,134.324447632,243.512619019,272.173034668,2383.33813477
-851200,-608000,111.049484253,245.861557007,272.160583496,1802.3104248
-729600,-608000,117.44065094,246.451293945,272.206420898,1225.48522949
-608000,-608000,116.572624207,244.51083374,272.114776611,1260.29833984
-486400,-608000,119.358848572,243.114562988,272.077270508,845.491638184
-364800,-608000,116.970962524,243.277008057,272.128997803,783.573852539
-243200,-608000,151.427734375,243.725067139,271.999603271,735.793334961
-121600,-608000,222.227584839,244.80090332,271.969543457,517.926391602
0,-608000,189.765472412,243.091720581,271.921813965,260.288879395
121600,-608000,117.621871948,235.505661011,271.855682373,15.7848176956
243200,-608000,16.6773986816,228.820480347,271.789886475,546.37121582
364800,-608000,17.7103271484,228.443405151,271.77444458,1950.55908203
486400,-608000,19.6901950836,226.082824707,271.757904053,1979.68505859
608000,-608000,17.3361816406,224.814407349,271.771575928,2450.11474609
729600,-608000,17.5104618073,223.329589844,271.831573486,2552.57104492
851200,-608000,16.892124176,222.089752197,271.890106201,3016.1862793
972800,-608000,18.7452697754,221.074829102,271.961181641,3153.42773438
1094400,-608000,15.6436738968,219.506576538,272.040649414,3235.85595703
1216000,-608000,16.5007705688,218.69519043,272.135803223,3496.80761719
1337600,-608000,19.2494945526,218.490783691,272.461547852,3424.24023438
1459200,-608000,26.9653491974,219.124725342,272.683685303,3656.57885742
1580800,-608000,38.8271636963,220.450500488,272.749572754,3914.88452148
1702400,-608000,53.4104652405,222.591842651,272.817077637,3631.29296875
1824000,-608000,75.6101989746,225.391281128,272.890655518,3979.19799805
1945600,-608000,105.547958374,227.621047974,272.970550537,3684.13134766
2067200,-608000,141.160186768,231.660949707,272.847717285,2532.90551758
2188800,-608000,192.164276123,236.524520874,273.147766113,2922.90283203
2310400,-608000,208.331634521,239.747436523,272.504943848,1766.03637695
2432000,-608000,216.24671936,245.917663574,272.625854492,1426.59362793
2553600,-608000,598.566040039,255.983230591,272.54864502,887.979797363
2675200,-608000,724.709594727,264.67401123,272.758911133,24.2331733704
-1580800,-729600,1067.85998535,258.163238525,272.250152588,375.510437012
-1459200,-729600,1029.63574219,251.263671875,272.032836914,1206.16992188
-1337600,-729600,538.867919922,245.732055664,272.115142822,2156.87084961
-1216000,-729600,262.940155029,242.801239014,272.144042969,2873.49731445
-1094400,-729600,174.210144043,243.278564453,272.269897461,2269.04492188
-972800,-729600,142.79510498,244.084335327,272.214080811,2142.57299805
-851200,-729600,126.373680115,246.643112183,272.203979492,1717.32727051
-729600,-729600,102.572120667,246.779846191,272.182189941,1716.0489502
-608000,-729600,100.341590881,243.788619995,272.145782471,1015.86627197
-486400,-729600,106.056869507,242.879928589,272.09173584,780.700317383
-364800,-729600,101.415939331,241.513076782,272.093536377,628.793151855
-243200,-729600,108.96182251,241.927658081,272.020782471,357.596221924
-121600,-729600,153.781341553,243.553024292,271.997039795,472.794921875
0,-729600,220.893005371,242.427322388,271.883666992,426.593414307
121600,-729600,247.023742676,242.470718384,271.931732178,149.79675293
243200,-729600,77.6456680298,235.079910278,271.718658447,11.0888824463
364800,-729600,15.7638702393,231.259063721,271.732818604,837.437988281
486400,-729600,20.0232105255,228.519760132,271.699829102,2067.63500977
608000,-729600,17.5705833435,226.314331055,271.721008301,2720.99462891
729600,-729600,14.3095502853,225.396240234,271.768157959,2578.47045898
851200,-729600,15.1992359161,223.543960571,271.827484131,2525.30541992
972800,-729600,16.962802887,221.416381836,271.909454346,2913.74291992
1094400,-729600,16.4482002258,219.785797119,272.011627197,3595.44848633
1216000,-729600,18.3140773773,218.769958496,272.173858643,3598.48803711
1337600,-729600,21.5889854431,218.220718384,272.596405029,4012.71435547
1459200,-729600,30.3516521454,218.606369019,272.654937744,4316.54394531
1580800,-729600,41.9307861328,220.646255493,272.721954346,4087.72314453
1702400,-729600,57.1371803284,224.335266113,272.790405273,3698.65454102
1824000,-729600,78.0490036011,227.920074463,272.86517334,3532.17724609
1945600,-729600,107.730560303,230.89755249,272.947296143,3887.42529297
2067200,-729600,153.423904419,234.747634888,273.03692627,3168.27880859
2188800,-729600,213.835845947,239.170013428,273.135406494,2941.35546875
2310400,-729600,407.456726074,243.842102051,272.474029541,2168.56738281
2432000,-729600,705.541809082,251.637619019,272.477020264,1870.25
-1459200,-851200,1146.25415039,254.757858276,271.884185791,1136.96386719
-1337600,-851200,920.384216309,248.46131897,271.920959473,1306.04541016
-1216000,-851200,324.492736816,240.891113281,271.883178711,1178.99694824
-1094400,-851200,186.482269287,242.129455566,272.01449585,1616.27001953
-972800,-851200,188.457427979,244.775604248,272.151153564,1964.62573242
-851200,-851200,154.883880615,246.394897461,272.261505127,1669.90588379
-729600,-851200,116.428947449,244.537612915,272.240264893,1241.09924316
-608000,-851200,106.343887329,244.427505493,272.194946289,1019.36358643
-486400,-851200,120.878128052,242.756652832,272.122680664,420.143676758
-364800,-851200,105.45690155,241.507568359,272.080444336,469.98223877
-243200,-851200,96.5326309204,241.345581055,272.003479004,289.629760742
-121600,-851200,112.016807556,242.012954712,271.83102417,268.274108887
0,-851200,145.94052124,242.297698975,271.844543457,298.625610352
121600,-851200,182.49168396,241.546783447,271.775482178,288.375183105
243200,-851200,184.657348633,244.056167603,271.695953369,307.481323242
364800,-851200,67.0583343506,234.103256226,271.703613281,75.3426513672
486400,-851200,18.670255661,233.360824585,271.620452881,1821.30151367
608000,-851200,18.7909183502,226.828125,271.673431396,2409.45556641
729600,-851200,17.1111373901,225.432266235,271.724639893,2820.06616211
851200,-851200,17.6300029755,224.41166687,271.775817871,2908.70849609
972800,-851200,18.9552555084,223.104507446,271.842926025,2717.98852539
1094400,-851200,17.7219524384,221.362976074,271.940429688,2743.77783203
1216000,-851200,20.3661499023,219.016159058,272.036468506,3786.2019043
1337600,-851200,23.853313446,219.02456665,271.974487305,3050.65698242
1459200,-851200,34.4664802551,219.81703186,272.621948242,3772.56884766
1580800,-851200,47.9199562073,222.677932739,272.633148193,3326.33178711
1702400,-851200,72.8979721069,226.988220215,272.126037598,2878.18334961
1824000,-851200,101.276565552,230.348373413,272.830963135,3317.52587891
1945600,-851200,152.691726685,234.429122925,272.914031982,3023.8190918
2067200,-851200,232.889923096,238.535583496,272.967834473,2583.28198242
2188800,-851200,365.564117432,243.28125,273.142028809,2291.92456055
2310400,-851200,448.760162354,250.255615234,272.561767578,1252.66918945
-1459200,-972800,1220.4876709,257.573028564,272.049041748,425.356262207
-1337600,-972800,1345.73291016,254.651870728,272.019012451,659.897827148
-1216000,-972800,697.533447266,246.53717041,272.067687988,395.617523193
-1094400,-972800,262.515899658,242.378463745,272.051422119,2202.97998047
-972800,-972800,184.235870361,244.691452026,272.043334961,1322.94689941
-851200,-972800,197.402664185,246.650817871,272.238464355,948.339233398
-729600,-972800,144.149002075,245.963348389,272.32723999,1326.87854004
-608000,-972800,167.67880249,246.543838501,272.169219971,775.641235352
-486400,-972800,112.702514648,242.268295288,272.183166504,736.06842041
-364800,-972800,116.491867065,241.748352051,272.031707764,516.182739258
-243200,-972800,119.039459229,241.640777588,271.931213379,336.845336914
-121600,-972800,118.243835449,241.843414307,271.764038086,275.946502686
0,-972800,128.007980347,241.807434082,271.697509766,231.431274414
121600,-972800,139.975204468,241.310012817,271.624084473,268.185424805
243200,-972800,161.746414185,241.204269409,271.704162598,256.78817749
364800,-972800,152.598693848,244.11289978,271.876434326,990.515808105
486400,-972800,28.9937171936,231.724731445,271.686462402,1307.42810059
608000,-972800,20.3252601624,226.844772339,271.638885498,2008.31237793
729600,-972800,18.2665328979,224.276229858,271.68157959,2893.20678711
851200,-972800,18.6628074646,223.854812622,271.735443115,3097.75537109
972800,-972800,21.8529872894,223.411056519,271.793395996,2642.30371094
1094400,-972800,22.2246360779,222.93270874,271.862823486,2853.11450195
1216000,-972800,22.679227829,222.328292847,271.919616699,2683.35009766
1337600,-972800,27.7111473083,221.421340942,271.948303223,3335.33422852
1459200,-972800,40.8584938049,221.787857056,272.546020508,3572.05761719
1580800,-972800,62.2000694275,224.829788208,272.651763916,3473.69482422
1702400,-972800,92.5020675659,228.998718262,272.718475342,3206.34594727
1824000,-972800,129.885803223,232.711746216,272.790893555,3347.46313477
1945600,-972800,185.7709198,237.1121521,272.870269775,2833.83911133
2067200,-972800,281.895324707,241.997619629,272.9609375,2417.32666016
2188800,-972800,565.611816406,248.842803955,273.101135254,1826.66931152
2310400,-972800,642.214416504,250.943206787,273.116607666,871.707763672
2432000,-972800,456.666870117,256.699737549,272.602844238,719.028137207
-1459200,-1094400,1488.90649414,261.067016602,272.210296631,51.8164024353
-1337600,-1094400,970.768371582,261.800445557,272.514770508,249.241241455
-1216000,-1094400,1504.14978027,254.266204834,272.304931641,900.600708008
-1094400,-1094400,841.41784668,248.955825806,272.125640869,696.264770508
-972800,-1094400,334.253112793,245.780456543,272.107116699,1357.63391113
-851200,-1094400,335.373016357,248.847412109,272.261169434,226.084838867
-729600,-1094400,546.628723145,248.980224609,272.432800293,1656.26525879
-608000,-1094400,247.723251343,248.001556396,272.380950928,1046.28405762
-486400,-1094400,161.424926758,244.314056396,272.398223877,512.498840332
-364800,-1094400,172.140289307,244.664489746,272.032287598,737.516052246
-243200,-1094400,166.742370605,242.831878662,271.746368408,364.795684814
-121600,-1094400,154.487594604,242.377197266,271.706115723,261.220397949
0,-1094400,146.762756348,241.966873169,271.598999023,271.592651367
121600,-1094400,152.359985352,241.576629639,271.589233398,267.468261719
243200,-1094400,160.395874023,242.163925171,271.642822266,323.747253418
364800,-1094400,197.437835693,243.881011963,271.855529785,381.911834717
486400,-1094400,43.4241409302,233.435592651,271.66027832,966.034240723
608000,-1094400,27.55809021,227.010299683,271.592071533,2264.91821289
729600,-1094400,23.0499076843,224.153121948,271.642181396,2871.27148438
851200,-1094400,22.3603935242,223.908294678,271.699127197,3143.50439453
972800,-1094400,24.1815986633,223.690093994,271.759918213,2564.38085938
1094400,-1094400,26.9761695862,223.050689697,271.814605713,3887.71166992
1216000,-1094400,30.7930183411,223.547241211,271.859771729,3420.60131836
1337600,-1094400,37.4502182007,223.012023926,272.013122559,3723.99804688
1459200,-1094400,50.3382415771,223.11479187,272.550689697,3749.82714844
1580800,-1094400,73.3943862915,226.099899292,272.574645996,3387.26025391
1702400,-1094400,107.382888794,230.495666504,272.622131348,3031.49243164
1824000,-1094400,148.198455811,234.682525635,272.746765137,3039.17822266
1945600,-1094400,225.722503662,239.428009033,272.819702148,2572.11401367
2067200,-1094400,405.773803711,245.148925781,272.887573242,2007.64416504
2188800,-1094400,632.251525879,253.08052063,272.909912109,1282.30517578
2310400,-1094400,1464.10424805,257.750701904,272.241333008,598.451416016
-972800,-1216000,1052.19494629,255.772583008,272.184967041,541.51184082
-851200,-1216000,378.522125244,253.095062256,272.36026001,317.879669189
-729600,-1216000,670.314941406,251.163604736,272.713775635,179.219528198
-608000,-1216000,880.349975586,251.89855957,272.297851562,328.450927734
-486400,-1216000,272.392974854,249.760116577,272.442016602,295.003631592
-243200,-1216000,218.470916748,245.235061646,272.112915039,237.155197144
-121600,-1216000,198.841110229,243.878555298,271.938537598,203.041870117
0,-1216000,177.389862061,242.901779175,271.831787109,212.075378418
121600,-1216000,185.637130737,242.52772522,271.843383789,241.778717041
243200,-1216000,179.656280518,242.877944946,271.875213623,153.957168579
364800,-1216000,223.955093384,241.008834839,271.611877441,14.7485303879
486400,-1216000,68.2660369873,230.614944458,271.602355957,984.749023438
608000,-1216000,29.0705337524,226.930892944,271.540679932,2533.33178711
729600,-1216000,28.9618606567,224.693954468,271.602264404,2868.1159668
851200,-1216000,27.1562461853,224.411636353,271.708740234,3261.57983398
972800,-1216000,29.4726467133,224.59576416,271.771850586,2955.59985352
1094400,-1216000,32.0818252563,224.630737305,271.827941895,2942.37207031
1216000,-1216000,41.207447052,224.560775757,271.909088135,2648.79785156
1337600,-1216000,48.2827224731,224.492477417,272.057647705,3556.1730957
1459200,-1216000,59.5216293335,225.261108398,272.225036621,2546.75415039
1580800,-1216000,82.9704208374,228.000595093,272.572967529,3380.01147461
1702400,-1216000,119.16368103,232.322128296,271.895202637,2871.76953125
1824000,-1216000,167.570571899,236.457962036,272.664703369,2714.23291016
1945600,-1216000,259.484710693,241.337036133,272.737640381,2469.34912109
2067200,-1216000,471.658355713,247.865783691,272.669769287,1338.69787598
2188800,-1216000,896.118774414,258.891113281,272.814971924,1684.58728027
0,-1337600,307.600860596,256.95324707,272.05456543,222.244781494
121600,-1337600,234.912750244,246.141067505,272.113800049,35.6669425964
243200,-1337600,243.784088135,249.825027466,272.154815674,133.432723999
486400,-1337600,36.7426872253,234.903930664,271.486572266,618.214904785
608000,-1337600,27.6271896362,230.567077637,271.51574707,1852.68835449
729600,-1337600,31.0122470856,227.216247559,271.610076904,2441.17529297
851200,-1337600,33.7879257202,225.597503662,271.681274414,3265.2512207
972800,-1337600,38.4521865845,225.506973267,271.746582031,3502.12890625
1094400,-1337600,43.6506614685,226.088897705,271.913543701,2839.12060547
1216000,-1337600,53.5673713684,226.687927246,271.965454102,2935.26806641
1337600,-1337600,66.9259490967,227.34803772,272.019439697,2487.1159668
1459200,-1337600,77.4146728516,228.330841064,272.174591064,2578.84301758
1580800,-1337600,117.849693298,230.815658569,272.175079346,2713.00854492
1702400,-1337600,177.973937988,234.274871826,272.156463623,2560.47558594
1824000,-1337600,235.158233643,238.099914551,272.458007812,2396.25024414
1945600,-1337600,302.045501709,242.734176636,271.997161865,2017.06384277
2067200,-1337600,425.974609375,249.997772217,272.700714111,1293.98034668
2188800,-1337600,734.998718262,262.991149902,272.97869873,317.543579102
486400,-1459200,65.5651855469,243.134506226,271.579101562,679.632385254
608000,-1459200,42.7413101196,235.034393311,271.559234619,2006.05993652
729600,-1459200,39.5892562866,230.11920166,271.592773438,2067.92919922
851200,-1459200,42.6885452271,226.952285767,271.664886475,2859.9375
972800,-1459200,48.4386367798,226.97883606,271.934448242,3127.85058594
1094400,-1459200,58.3971557617,227.711700439,271.986480713,3033.67382812
1216000,-1459200,68.4294662476,228.572525024,271.95135498,2646.10546875
1337600,-1459200,90.6810455322,229.6431427,271.982574463,2894.56103516
1459200,-1459200,110.120101929,230.655044556,272.023834229,2682.9765625
1580800,-1459200,147.20539856,232.828521729,272.056060791,2809.05371094
1702400,-1459200,253.910064697,236.788192749,271.844360352,2499.81982422
1824000,-1459200,428.346313477,241.466156006,272.616363525,2314.09790039
1945600,-1459200,618.802856445,246.889343262,272.650817871,1770.26635742
2067200,-1459200,710.629577637,254.88848877,272.655090332,1166.52172852
2188800,-1459200,936.024780273,266.270019531,273.100830078,128.570083618
486400,-1580800,173.259841919,246.227050781,271.573974609,308.882019043
608000,-1580800,80.1841201782,234.451309204,271.522705078,1672.17407227
729600,-1580800,59.4544792175,230.51234436,271.585510254,2105.07397461
851200,-1580800,53.3988952637,229.031738281,271.765441895,2596.02905273
972800,-1580800,69.5708618164,229.226989746,271.959564209,3140.46289062
1094400,-1580800,80.431892395,229.874954224,272.007385254,3028.62329102
1216000,-1580800,93.9629364014,231.286193848,271.918518066,2642.37280273
1337600,-1580800,114.833961487,231.425613403,271.970458984,2549.29858398
1459200,-1580800,133.729598999,232.118453979,271.959503174,2759.3449707
1580800,-1580800,206.092102051,233.597305298,272.025726318,3361.6262207
1702400,-1580800,293.343383789,238.445297241,272.435058594,2625.58569336
1824000,-1580800,558.622924805,245.491821289,272.534393311,2029.88195801
1945600,-1580800,1203.61706543,256.997772217,272.412109375,1230.09667969
2067200,-1580800,1529.74230957,263.922668457,272.087127686,54.5340690613
486400,-1702400,231.920516968,239.007904053,271.538299561,41.915599823
608000,-1702400,114.955696106,230.629089355,271.546203613,1075.4510498
729600,-1702400,86.9374847412,230.587799072,271.615020752,2741.01708984
851200,-1702400,84.0759429932,231.533569336,271.777160645,2524.96655273
972800,-1702400,95.903213501,232.158676147,271.959747314,3061.68237305
1094400,-1702400,114.558586121,233.126647949,271.999053955,3324.66552734
1216000,-1702400,131.046432495,234.356338501,272.037322998,3220.8659668
1337600,-1702400,151.865982056,235.079421997,271.943908691,2072.67919922
1459200,-1702400,159.858200073,235.820037842,271.948638916,2174.00024414
1580800,-1702400,212.077713013,236.59576416,271.993469238,3267.90014648
1702400,-1702400,366.287139893,241.259674072,271.969787598,2074.54858398
1824000,-1702400,589.361877441,247.559356689,271.829101562,1643.08325195
1945600,-1702400,919.837158203,256.597747803,272.649993896,1008.99554443
364800,-1824000,444.386535645,245.522567749,271.580413818,110.453071594
486400,-1824000,202.927398682,234.520355225,271.551513672,322.526611328
608000,-1824000,134.152679443,238.392608643,271.590606689,1446.07995605
729600,-1824000,133.211090088,235.031051636,271.746856689,2698.59619141
851200,-1824000,141.942871094,235.3177948,271.93145752,2794.09033203
972800,-1824000,163.01184082,236.702178955,271.968200684,2689.46337891
1094400,-1824000,178.097442627,238.077301025,271.991668701,2773.70727539
1216000,-1824000,206.442672729,239.19720459,272.023162842,2375.75268555
1337600,-1824000,239.039428711,240.75630188,271.942504883,1882.80102539
1459200,-1824000,261.11026001,242.897567749,271.99520874,1735.17236328
1580800,-1824000,327.273071289,243.34526062,271.993469238,1920.26220703
1702400,-1824000,503.835723877,247.560287476,271.956268311,1913.66418457
1824000,-1824000,890.336120605,255.653823853,272.490753174,962.906677246
364800,-1945600,385.816772461,242.259887695,271.640075684,26.1626968384
486400,-1945600,222.185577393,239.006652832,271.523345947,9.88005065918
608000,-1945600,189.490783691,243.540802002,271.609436035,22.875629425
729600,-1945600,228.328659058,240.498123169,271.627044678,1060.37438965
851200,-1945600,231.261322021,240.466659546,271.712249756,2161.55517578
972800,-1945600,311.661437988,243.132797241,271.9871521,1842.19641113
1094400,-1945600,344.544799805,244.596420288,271.974731445,2510.078125
1216000,-1945600,357.404663086,246.093505859,271.989196777,2062.47753906
1337600,-1945600,466.536773682,248.282516479,271.986602783,1217.55688477
1459200,-1945600,616.66003418,250.391265869,272.14743042,2095.78930664
1580800,-1945600,538.166564941,252.164398193,271.961730957,1257.79174805
1702400,-1945600,771.856323242,260.387298584,272.409790039,218.997680664
486400,-2067200,571.743225098,256.756958008,271.560455322,27.5728302002
851200,-2067200,444.625091553,249.454589844,272.062438965,1542.92114258
972800,-2067200,579.265014648,251.962249756,271.74005127,1209.68859863
1094400,-2067200,645.471801758,254.36038208,271.931243896,1099.05163574
1459200,-2067200,818.281677246,259.727203369,272.243591309,61.6874465942
