x-axis,y-axis,precipitation,air_temp,ocean_temp,ice_velocity
-243200,2067200,404.280639648,251.581512451,272.344940186,4.78273820877
-121600,2067200,527.547485352,250.521286011,272.534759521,0.0172012951225
0,2067200,352.272277832,249.629226685,272.597290039,590.315246582
121600,2067200,261.181396484,251.433914185,273.296386719,45.1919975281
243200,2067200,358.309295654,250.613601685,273.66619873,17.1357212067
364800,2067200,101.28717041,251.826675415,273.610137939,32.0875205994
486400,2067200,236.30519104,252.893005371,273.423950195,11.5625858307
608000,2067200,254.874176025,252.892196655,273.565673828,1.71867978573
-364800,1945600,186.801818848,251.436431885,272.184448242,12.7245674133
-243200,1945600,228.084350586,249.175735474,272.485015869,5.34193515778
-121600,1945600,461.252807617,244.585754395,272.646972656,0.0190990045667
0,1945600,247.852111816,245.556732178,272.825622559,0.0385052338243
121600,1945600,137.003936768,239.514190674,273.108215332,0.238733917475
243200,1945600,208.756500244,237.898086548,273.338439941,0.0640606284142
364800,1945600,24.05493927,239.428649902,273.437042236,0.0504080243409
486400,1945600,235.269958496,243.499557495,273.538543701,3.2553460598
608000,1945600,139.978622437,248.213760376,273.798858643,11.4859905243
729600,1945600,73.8946533203,251.535491943,274.15020752,607.577575684
972800,1945600,122.411026001,254.548980713,273.941833496,124.26776123
1094400,1945600,296.400054932,257.117340088,272.80847168,247.499832153
-486400,1824000,313.553070068,250.175125122,272.43157959,59.0580444336
-364800,1824000,232.738769531,250.046356201,272.45123291,17.3451766968
-243200,1824000,125.927696228,243.397171021,272.515930176,0.811231851578
-121600,1824000,165.824188232,237.770812988,272.636535645,0.171598896384
0,1824000,133.575973511,235.86088562,272.758789062,252.204467773
121600,1824000,59.6218109131,232.790740967,272.967346191,17.4647445679
243200,1824000,46.6621208191,229.839523315,273.143463135,0.985712110996
364800,1824000,41.6861381531,231.40335083,273.291625977,8.27336788177
486400,1824000,108.993606567,233.594467163,273.430938721,11.1315765381
608000,1824000,133.421630859,238.842697144,273.607940674,10.4551782608
729600,1824000,-2.95893859863,243.7578125,273.790802002,0.0520413145423
851200,1824000,-7.34898376465,248.107208252,273.887420654,0.0234069246799
972800,1824000,10.9158325195,252.088058472,273.883850098,2118.91137695
1094400,1824000,88.2822799683,251.118560791,273.052581787,41.6685523987
1216000,1824000,189.447814941,252.220901489,272.474212646,6.84981298447
-608000,1702400,170.389312744,251.660720825,272.005767822,276.9480896
-486400,1702400,118.009361267,248.337997437,272.269134521,0.154698655009
-364800,1702400,217.031555176,247.678344727,272.281280518,9.67966270447
-243200,1702400,201.755065918,240.729721069,272.453948975,0.091497682035
-121600,1702400,57.1396179199,231.852828979,272.549346924,0.823786437511
0,1702400,72.2125473022,229.546508789,272.678222656,14.6414880753
121600,1702400,65.1156158447,229.027069092,272.838928223,19.7968139648
243200,1702400,49.0438308716,227.169616699,272.989257812,7.34343004227
364800,1702400,46.0491256714,226.408157349,273.134246826,2.77080798149
486400,1702400,55.4937057495,228.133758545,273.264190674,11.0503358841
608000,1702400,80.3740005493,231.550888062,273.392974854,18.5864486694
729600,1702400,63.2227325439,234.770721436,273.499938965,18.2375907898
851200,1702400,175.857757568,237.102676392,273.537841797,0.935231089592
972800,1702400,97.9282150269,243.360778809,273.475738525,721.446472168
1094400,1702400,62.3743057251,245.460876465,273.00680542,10.2421951294
1216000,1702400,74.440826416,246.012069702,272.61831665,5.63099908829
1337600,1702400,480.80368042,248.961685181,272.348602295,19.3915214539
1459200,1702400,168.17401123,251.58442688,272.406677246,39.6466445923
1580800,1702400,220.257553101,248.385604858,273.108978271,12.0047807693
1702400,1702400,624.417053223,253.01121521,273.306488037,24.7894687653
1824000,1702400,848.758911133,259.982971191,272.946655273,23.4680519104
-608000,1580800,209.775390625,248.550308228,272.202209473,175.348709106
-486400,1580800,128.305084229,249.526519775,272.111602783,11.4663925171
-364800,1580800,115.058418274,243.98387146,272.226715088,0.22090703249
-243200,1580800,38.1810455322,234.470825195,272.324890137,4.00450229645
-121600,1580800,48.424369812,229.970169067,272.437988281,9.14762210846
0,1580800,46.7939224243,228.068481445,272.576629639,4.69593858719
121600,1580800,47.1180953979,226.806915283,272.719909668,4.89049720764
243200,1580800,44.0685081482,225.474609375,272.850189209,4.11941766739
364800,1580800,38.7322731018,223.911209106,272.979400635,1.39760005474
486400,1580800,46.2278366089,224.119995117,273.090087891,2.20953035355
608000,1580800,63.7371673584,226.141479492,273.186157227,6.15530490875
729600,1580800,84.0306243896,228.447753906,273.25189209,5.21997308731
851200,1580800,155.627426147,232.122360229,273.255828857,26.854227066
972800,1580800,112.553207397,236.339752197,273.151062012,5.47227954865
1094400,1580800,81.7354202271,238.452087402,272.956237793,3.29320383072
1216000,1580800,151.616485596,239.178253174,272.752807617,4.09900522232
1337600,1580800,205.875289917,241.683990479,272.636138916,127.149421692
1459200,1580800,168.645172119,242.343002319,272.731689453,43.0770339966
1580800,1580800,184.3565979,241.112075806,273.008911133,14.1061735153
1702400,1580800,349.100189209,243.875549316,273.206756592,6.00994539261
1824000,1580800,412.660064697,250.367507935,273.381256104,0.0191224366426
1945600,1580800,494.989562988,254.62727356,273.842803955,2.05459117889
2067200,1580800,521.186157227,253.654846191,274.257080078,0.0295065529644
-608000,1459200,367.658843994,248.726318359,271.787780762,409.898345947
-486400,1459200,375.548309326,247.89781189,271.738189697,21.4544677734
-364800,1459200,125.710464478,240.171569824,272.080169678,11.0037994385
-243200,1459200,39.1991233826,233.462234497,272.172180176,8.82947540283
-121600,1459200,41.970615387,230.337463379,272.402038574,15.2131309509
0,1459200,39.2539749146,228.400222778,272.465698242,18.3870429993
121600,1459200,37.0308990479,226.939575195,272.601531982,10.5324602127
243200,1459200,34.5406417847,225.280975342,272.714904785,7.57717657089
364800,1459200,34.5479125977,223.300323486,272.827423096,4.62257051468
486400,1459200,31.031211853,222.184661865,272.920257568,2.18599009514
608000,1459200,31.2565898895,222.172332764,272.994750977,0.337153941393
729600,1459200,47.6911849976,223.669448853,273.040802002,4.17024087906
851200,1459200,87.631072998,227.536865234,273.044250488,24.6781349182
972800,1459200,95.1656036377,230.240325928,272.990386963,30.6848144531
1094400,1459200,84.4104309082,231.564956665,272.898040771,7.21349287033
1216000,1459200,109.054931641,233.134216309,272.807342529,36.4150505066
1337600,1459200,148.012893677,235.229827881,272.7734375,41.7189750671
1459200,1459200,140.136398315,235.818069458,272.837341309,33.9114265442
1580800,1459200,135.257781982,235.777709961,272.992095947,4.47627544403
1702400,1459200,220.001068115,239.072113037,273.165863037,35.1449394226
1824000,1459200,204.38394165,241.109191895,273.449707031,3.10434031487
1945600,1459200,259.643890381,243.809768677,273.976867676,2.63727116585
2067200,1459200,708.245910645,246.474273682,274.844665527,16.8322677612
-2432000,1337600,1096.28808594,260.011535645,273.219238281,1.70881605148
-608000,1337600,169.123321533,245.686630249,271.828430176,12.2892551422
-486400,1337600,37.868309021,240.113388062,271.793426514,11.3228168488
-364800,1337600,36.1443710327,236.735580444,272.037231445,2.20849776268
-243200,1337600,40.5883255005,233.928375244,272.142974854,24.0030250549
-121600,1337600,41.1023864746,231.313278198,272.199737549,22.7950801849
0,1337600,34.1977653503,228.916442871,272.268585205,18.446975708
121600,1337600,32.4252738953,227.346710205,272.493011475,19.2332935333
243200,1337600,31.7869491577,225.606567383,272.599304199,13.50020504
364800,1337600,29.0215988159,223.224563599,272.70022583,7.43407869339
486400,1337600,28.5764198303,221.59413147,272.781433105,4.62661981583
608000,1337600,28.2984924316,220.340637207,272.845245361,2.25585508347
729600,1337600,33.3187408447,220.275741577,272.885864258,1.42872834206
851200,1337600,46.5852546692,222.746841431,272.897644043,9.40176486969
972800,1337600,57.3425254822,224.86289978,272.877563477,10.266084671
1094400,1337600,59.7030220032,226.035415649,272.838317871,5.48242139816
1216000,1337600,66.1822967529,227.982849121,272.802276611,17.9666423798
1337600,1337600,81.3004455566,229.996490479,272.797393799,27.2871303558
1459200,1337600,89.0690841675,231.229660034,272.843109131,13.1564559937
1580800,1337600,93.3180847168,232.405380249,272.94619751,6.06722640991
1702400,1337600,117.372085571,233.934814453,273.088317871,17.7956848145
1824000,1337600,109.852958679,235.361999512,273.287963867,1.02848362923
1945600,1337600,191.491897583,239.694351196,273.531219482,19.156463623
2067200,1337600,267.853057861,247.681793213,273.661224365,2.8706240654
-2432000,1216000,2333.78710938,261.670776367,273.651794434,3.25343108177
-2310400,1216000,446.354614258,257.367675781,272.660217285,0.385429859161
-2188800,1216000,388.773590088,258.279815674,271.835693359,831.910949707
-729600,1216000,276.051025391,253.777175903,271.756195068,12.3098716736
-608000,1216000,39.6603164673,242.775131226,271.810180664,21.5369472504
-486400,1216000,61.1423606873,241.067718506,271.780395508,24.5683078766
-364800,1216000,45.1974983215,238.129043579,271.969482422,24.2152175903
-243200,1216000,54.7540893555,235.56854248,272.074310303,1.50493586063
-121600,1216000,35.5355072021,231.962402344,272.185943604,8.01551055908
0,1216000,31.1680755615,229.173843384,272.201324463,19.8313350677
121600,1216000,32.3355407715,227.332763672,272.280090332,19.4443759918
243200,1216000,33.1626396179,225.476715088,272.494262695,13.9658613205
364800,1216000,26.6083068848,223.223358154,272.585723877,7.45317935944
486400,1216000,24.5986289978,221.570068359,272.658996582,4.47317075729
608000,1216000,27.7255592346,219.723205566,272.717498779,2.76815032959
729600,1216000,23.4197826385,219.076202393,272.758300781,0.724129080772
851200,1216000,31.7371177673,218.680053711,272.779510498,2.12604141235
972800,1216000,36.3662872314,220.512527466,272.782073975,2.85396909714
1094400,1216000,42.0149650574,221.517501831,272.77243042,3.13029718399
1216000,1216000,47.8086051941,223.85949707,272.763000488,7.40820503235
1337600,1216000,50.6874847412,225.861236572,272.767059326,6.50140380859
1459200,1216000,54.4818687439,226.977264404,272.794250488,2.19780945778
1580800,1216000,61.646484375,227.873931885,272.851165771,1.56997990608
1702400,1216000,68.4927520752,229.67640686,272.929138184,3.04127979279
1824000,1216000,75.4954376221,232.403366089,273.02255249,3.78884601593
1945600,1216000,118.682617188,236.385986328,273.08996582,6.68094348907
2067200,1216000,243.627929688,243.618637085,273.040863037,0.0472875833511
-2310400,1094400,1302.69396973,256.20614624,273.286651611,1767.85644531
-2188800,1094400,504.684173584,255.469207764,272.220611572,636.779052734
-729600,1094400,170.341110229,247.991989136,271.742095947,11.6111221313
-608000,1094400,86.631439209,243.970535278,271.760864258,70.7080230713
-486400,1094400,29.8645133972,241.83531189,271.861297607,1.55044865608
-364800,1094400,68.0991973877,241.094711304,271.765258789,23.3875427246
-243200,1094400,65.8178100586,236.833007812,271.851165771,15.7698688507
-121600,1094400,37.9149131775,232.290496826,272.128417969,22.4273700714
0,1094400,33.7587394714,229.591110229,272.128540039,16.5683612823
121600,1094400,30.2386283875,227.773330688,272.326202393,14.251502037
243200,1094400,28.323759079,225.450576782,272.406707764,11.4961118698
364800,1094400,26.7204036713,223.257247925,272.489135742,9.16299247742
486400,1094400,25.1629180908,221.338500977,272.557250977,5.85191011429
608000,1094400,24.3640518188,219.685958862,272.613647461,3.93181586266
729600,1094400,23.8917198181,218.068481445,272.656585693,2.39669537544
851200,1094400,20.1286659241,217.434494019,272.685455322,0.373446375132
972800,1094400,25.4324378967,217.689956665,272.702209473,1.04657196999
1094400,1094400,31.8947105408,219.459106445,272.708343506,2.70920205116
1216000,1094400,37.379989624,221.873596191,272.710113525,3.18603253365
1337600,1094400,43.9931869507,224.991271973,272.712554932,2.79992318153
1459200,1094400,56.9151115417,226.743804932,272.719940186,12.1522750854
1580800,1094400,66.2816085815,227.804122925,272.734283447,9.84655857086
1702400,1094400,77.5279312134,230.215148926,272.749450684,9.20600700378
1824000,1094400,95.1265182495,232.056289673,272.76083374,6.42200231552
1945600,1094400,108.378715515,236.403121948,272.746795654,12.269452095
2067200,1094400,149.741989136,241.939453125,272.669952393,16.3239421844
2188800,1094400,202.133544922,252.135055542,272.765197754,10.8498716354
-2310400,972800,2092.27856445,261.751342773,273.139099121,5.92384386063
-2188800,972800,1206.9230957,255.98588562,272.698272705,0.27613440156
-2067200,972800,605.363952637,251.109512329,272.027038574,0.122166492045
-1945600,972800,432.709228516,250.921447754,271.756500244,0.0108497934416
-1824000,972800,411.291442871,251.532073975,271.593353271,0.239456474781
-729600,972800,161.97946167,244.215194702,271.614318848,375.575836182
-608000,972800,69.0727462769,242.126693726,271.727661133,0.347799450159
-486400,972800,74.5506591797,243.918502808,271.815765381,78.5717086792
-364800,972800,85.8601150513,239.492370605,271.936187744,0.017779359594
-243200,972800,52.0394630432,235.89414978,271.80847168,2.26977968216
-121600,972800,38.5468444824,232.4115448,272.07208252,4.52053928375
0,972800,33.4294509888,230.940078735,272.178527832,11.9187231064
121600,972800,24.9717826843,228.302398682,272.26763916,8.49021434784
243200,972800,27.361825943,226.484542847,272.327087402,19.529214859
364800,972800,25.2719669342,224.056091309,272.404144287,15.0345888138
486400,972800,25.8490028381,221.39302063,272.469146729,8.90901279449
608000,972800,25.1871242523,219.3230896,272.524993896,5.6256570816
729600,972800,23.1149044037,217.102111816,272.57043457,2.40489578247
851200,972800,19.2569198608,215.565261841,272.605407715,0.477355092764
972800,972800,22.3997421265,216.536865234,272.632080078,2.52836942673
1094400,972800,28.4182186127,219.017486572,272.64831543,5.54721927643
1216000,972800,38.0192260742,222.763946533,272.655639648,9.21482467651
1337600,972800,55.0663642883,227.337966919,272.652099609,9.63174247742
1459200,972800,73.0499649048,229.922790527,272.637145996,24.862953186
1580800,972800,83.9680023193,232.103408813,272.618164062,14.5348596573
1702400,972800,89.4682235718,234.875518799,272.570495605,44.2558822632
1824000,972800,109.688049316,235.537231445,272.51651001,16.9065551758
1945600,972800,142.33039856,237.406326294,272.450958252,0.810576856136
2067200,972800,176.699462891,242.890823364,272.389953613,12.3401193619
2188800,972800,222.250549316,248.669555664,272.619445801,12.8517284393
-2067200,851200,960.438110352,258.240722656,271.936035156,10.0671977997
-1945600,851200,470.231079102,254.642715454,271.867156982,0.145033702254
-1824000,851200,613.935974121,252.021408081,271.688140869,0.160330086946
-1702400,851200,343.561096191,247.820343018,271.598419189,1.02534401417
-1580800,851200,111.105140686,249.307052612,271.532623291,0.731517910957
-1459200,851200,245.523834229,257.069122314,271.376831055,1166.75268555
-1337600,851200,206.249237061,250.678359985,271.43460083,1594.22155762
-1216000,851200,204.303375244,247.413314819,271.291412354,1244.94018555
-1094400,851200,190.179016113,246.455093384,271.346984863,265.761688232
-972800,851200,156.419494629,246.806381226,271.297576904,1.43962597847
-851200,851200,244.035400391,245.288665771,271.626586914,5.43131256104
-729600,851200,119.619064331,242.287658691,271.604217529,574.336914062
-608000,851200,83.9112548828,241.484024048,271.702545166,206.697662354
-486400,851200,69.6414413452,240.216171265,271.74029541,1.69591081142
-364800,851200,62.8343009949,238.269622803,271.836090088,2.72219347954
-243200,851200,60.5096168518,233.893463135,271.977203369,0.792582333088
-121600,851200,47.6763000488,229.964035034,272.052856445,3.17477726936
0,851200,44.2859954834,229.107498169,272.099578857,39.6502876282
121600,851200,32.1394691467,225.678848267,271.998596191,13.678355217
243200,851200,28.8920497894,225.470977783,272.322052002,13.0336341858
364800,851200,29.6491222382,225.982421875,272.32119751,19.2136878967
486400,851200,29.448261261,222.744552612,272.386779785,9.31269073486
608000,851200,27.9033145905,219.058547974,272.443115234,3.59669566154
729600,851200,22.6176433563,216.644058228,272.490905762,2.11353182793
851200,851200,19.2716598511,214.781936646,272.531005859,0.378725349903
972800,851200,23.4006252289,215.83152771,272.56628418,4.96761131287
1094400,851200,30.3800735474,219.586883545,272.593261719,10.2419404984
1216000,851200,44.4212875366,224.09815979,272.609619141,13.6815805435
1337600,851200,64.4488449097,229.240478516,272.599853516,20.3354454041
1459200,851200,85.938583374,234.098358154,272.562408447,4.85533285141
1580800,851200,87.4332351685,237.949966431,272.570373535,0.00524104107171
1702400,851200,83.1103210449,240.962783813,272.373474121,0.599229633808
1824000,851200,109.731117249,242.45664978,272.25088501,2.5688726902
1945600,851200,140.114044189,245.111633301,272.202819824,0.011081376113
2067200,851200,378.887512207,246.978927612,272.070373535,18.4320716858
2188800,851200,542.413208008,249.484481812,272.324279785,6.14838790894
-2188800,729600,2011.93029785,262.7215271,272.779205322,2128.74291992
-2067200,729600,609.101013184,257.380187988,272.273498535,0.024918390438
-1945600,729600,504.821777344,255.49621582,272.006744385,0.36320155859
-1824000,729600,412.617858887,255.986877441,271.783447266,177.141571045
-1702400,729600,1046.64538574,254.895202637,271.604278564,345.20324707
-1580800,729600,181.8256073,246.131973267,271.518249512,2.44435548782
-1459200,729600,177.267471313,247.886566162,271.438323975,0.0850851237774
-1337600,729600,158.293533325,246.569992065,271.417633057,1105.46240234
-1216000,729600,174.044830322,245.516860962,271.3699646,1041.78735352
-1094400,729600,186.326980591,244.283477783,271.377105713,520.147216797
-972800,729600,161.077804565,243.292160034,271.426055908,316.616027832
-851200,729600,148.956985474,245.10168457,271.34954834,12.0598077774
-729600,729600,108.91444397,241.29675293,271.60836792,30.2376422882
-608000,729600,95.0009384155,244.450286865,271.531860352,2.6877052784
-486400,729600,102.528305054,240.070632935,271.786437988,6.58721494675
-364800,729600,75.1160888672,235.264450073,271.866210938,1.64624726772
-243200,729600,77.0689620972,232.917419434,271.945373535,1.56537485123
-121600,729600,63.4908103943,230.392318726,272.016296387,4.90786886215
0,729600,42.3205986023,227.213653564,272.129943848,3.9946436882
121600,729600,33.6447982788,223.823486328,272.080505371,5.81258964539
243200,729600,33.1324615479,224.017120361,272.000549316,7.22316980362
364800,729600,38.5491943359,225.264266968,272.259124756,23.8431777954
486400,729600,37.4986190796,223.652923584,272.321105957,15.0185699463
608000,729600,28.4403762817,219.219741821,272.37689209,4.59997320175
729600,729600,21.3190021515,216.644378662,272.426025391,2.12672519684
851200,729600,20.2070884705,214.272857666,272.469665527,1.21368408203
972800,729600,24.9026641846,216.70085144,272.511535645,7.38846445084
1094400,729600,38.1455001831,221.428894043,272.549591064,23.1404647827
1216000,729600,58.3625869751,225.526123047,272.601470947,40.1387443542
1337600,729600,82.0039749146,230.938980103,272.498565674,4.56698274612
1459200,729600,87.4299316406,236.493133545,272.605499268,0.844019412994
1580800,729600,60.8267593384,240.729888916,272.798278809,3.51923084259
1702400,729600,35.111038208,242.773101807,272.622741699,1152.15869141
1824000,729600,57.5397109985,246.708084106,272.430358887,581.398803711
1945600,729600,110.389465332,246.857406616,272.219421387,460.567199707
2067200,729600,254.268615723,247.492202759,272.150634766,877.464355469
2188800,729600,429.271636963,250.595932007,272.295837402,1238.07824707
-1945600,608000,788.583984375,257.42199707,272.200805664,0.617312788963
-1824000,608000,483.324645996,255.706039429,271.863067627,1.01057946682
-1702400,608000,1006.8782959,256.051818848,271.556304932,1003.60595703
-1580800,608000,380.891143799,247.183532715,271.545898438,24.7306690216
-1459200,608000,233.501815796,247.647842407,271.444335938,0.0787401795387
-1337600,608000,167.10786438,245.598358154,271.306640625,637.002319336
-1216000,608000,156.052276611,244.45791626,271.29901123,693.700134277
-1094400,608000,160.144332886,243.164642334,271.344787598,371.578613281
-972800,608000,161.66809082,242.049560547,271.447937012,368.979217529
-851200,608000,157.79335022,242.556213379,271.537261963,203.384414673
-729600,608000,138.257720947,240.233505249,271.616912842,47.4211730957
-608000,608000,150.058349609,242.801559448,271.691925049,70.3851623535
-486400,608000,107.169082642,239.761199951,271.8387146,5.09564256668
-364800,608000,88.168006897,234.886978149,271.853668213,2.67465090752
-243200,608000,77.7103347778,233.139465332,271.921813965,0.897910296917
-121600,608000,57.6981048584,228.821716309,271.982055664,0.651170551777
0,608000,45.5427322388,225.306915283,272.039428711,0.784159600735
121600,608000,39.892868042,222.810714722,272.098236084,0.823946595192
243200,608000,38.8985290527,224.042816162,271.949066162,6.13042593002
364800,608000,38.6814117432,224.626022339,272.204864502,22.4219322205
486400,608000,37.6868629456,222.027038574,272.264160156,13.0268182755
608000,608000,27.8123645782,219.195144653,272.318023682,6.19659662247
729600,608000,20.850643158,216.037033081,272.367645264,3.62736058235
851200,608000,20.8099193573,214.303283691,272.413635254,1.3431199789
972800,608000,27.6098670959,217.34286499,272.459533691,9.56501197815
1094400,608000,43.4599380493,222.67855835,272.501403809,23.5379695892
1216000,608000,61.1404151917,227.979354858,272.536743164,31.9580497742
1337600,608000,72.7085952759,232.277145386,272.599273682,24.7872848511
1459200,608000,81.9816055298,235.632354736,272.707702637,6.1557302475
1580800,608000,77.9404144287,240.590377808,272.681121826,252.003616333
1702400,608000,67.1355361938,241.546005249,272.586090088,9.42150688171
1824000,608000,64.7468643188,244.48866272,272.239654541,19.7821121216
1945600,608000,83.5544891357,245.353393555,272.105072021,16.3619213104
2067200,608000,158.668655396,248.325561523,272.21786499,7.8736615181
-1824000,486400,680.708251953,261.057281494,271.845855713,258.504699707
-1702400,486400,935.46697998,255.49861145,271.636016846,8.87596035004
-1580800,486400,283.663208008,248.218475342,271.556243896,5.31612586975
-1459200,486400,234.325775146,246.74307251,271.476898193,0.129844114184
-1337600,486400,211.563598633,244.781341553,271.294067383,391.767822266
-1216000,486400,182.551177979,243.345397949,271.249694824,469.196716309
-1094400,486400,190.611541748,242.815551758,271.369445801,62.1011390686
-972800,486400,183.907974243,241.316925049,271.395294189,61.2370452881
-851200,486400,197.665985107,240.256561279,271.560577393,55.9383354187
-729600,486400,196.987243652,239.800918579,271.63092041,116.911849976
-608000,486400,168.878509521,241.172439575,271.708709717,0.945185422897
-486400,486400,117.108909607,239.558624268,271.783630371,4.72921228409
-364800,486400,92.9615707397,235.900146484,271.847808838,0.767015397549
-243200,486400,71.6344680786,231.93296814,271.903259277,0.463282555342
-121600,486400,58.6334571838,228.170623779,271.951751709,0.581801235676
0,486400,45.9054298401,224.546783447,272.00189209,0.0845750123262
121600,486400,42.1864700317,223.032806396,272.121795654,1.12241983414
243200,486400,43.6562423706,224.768096924,272.09475708,11.8176326752
364800,486400,40.1322212219,223.50302124,272.159423828,16.3226890564
486400,486400,29.5116786957,219.943130493,272.212585449,8.28327941895
608000,486400,26.7799816132,218.469848633,272.264343262,6.68725585938
729600,486400,22.901424408,215.025939941,272.313934326,3.53106665611
851200,486400,20.4892597198,214.660614014,272.361480713,1.02006649971
972800,486400,28.8025074005,217.291778564,272.409912109,6.99740791321
1094400,486400,39.5190124512,221.96496582,272.452362061,9.78610134125
1216000,486400,57.3402290344,227.241699219,272.494903564,10.8526725769
1337600,486400,73.8907546997,230.391738892,272.540771484,22.6999092102
1459200,486400,72.1785507202,234.055526733,272.53112793,117.025115967
1580800,486400,82.9919281006,237.909805298,272.657745361,32.6199302673
1702400,486400,72.3579330444,240.470581055,272.333557129,6.3181552887
1824000,486400,101.592895508,241.07220459,272.271331787,0.00629559904337
1945600,486400,97.1959991455,242.973327637,272.226196289,28.0082035065
2067200,486400,204.732177734,244.953826904,272.260528564,66.820350647
2188800,486400,350.741973877,250.369400024,272.269317627,17.7486438751
-1824000,364800,714.69921875,257.058197021,272.167266846,0.419757604599
-1702400,364800,811.730285645,250.702423096,271.663818359,13.0212211609
-1580800,364800,395.080749512,246.610076904,271.597290039,4.38247966766
-1459200,364800,259.271514893,246.112579346,271.508209229,4.05721902847
-1337600,364800,248.429489136,244.936141968,271.426452637,131.567230225
-1216000,364800,194.672180176,243.37461853,271.370056152,286.334503174
-1094400,364800,162.992431641,242.298843384,271.449859619,2.5337126255
-972800,364800,186.324279785,241.36920166,271.524902344,3.15165257454
-851200,364800,231.097930908,241.73739624,271.592529297,1.97308373451
-729600,364800,259.168731689,242.196868896,271.650604248,1.03655135632
-608000,364800,189.586776733,241.690505981,271.605224609,0.712786495686
-486400,364800,137.565963745,238.685180664,271.756530762,11.4133453369
-364800,364800,112.000534058,235.436309814,271.806121826,44.6522789001
-243200,364800,86.2559356689,231.481903076,271.712127686,6.15988111496
-121600,364800,66.4940185547,228.325180054,271.978759766,3.58102965355
0,364800,49.9219093323,225.035217285,271.971038818,0.627302885056
121600,364800,43.6493492126,223.857696533,272.017547607,2.94427609444
243200,364800,42.4571685791,224.463348389,272.059661865,9.36161136627
364800,364800,31.1238861084,221.508544922,272.113098145,5.06386852264
486400,364800,27.6090297699,218.748748779,272.163726807,5.3815331459
608000,364800,24.7326278687,218.168395996,272.21383667,6.21319484711
729600,364800,19.3485774994,215.175323486,272.263214111,3.19347786903
851200,364800,18.3259983063,214.175415039,272.312042236,0.965832352638
972800,364800,26.0583343506,215.671524048,272.363891602,2.76621413231
1094400,364800,36.5241622925,220.451202393,272.411132812,5.70985603333
1216000,364800,64.4457397461,226.12928772,272.432647705,7.25227308273
1337600,364800,70.6272354126,228.072601318,272.800506592,27.7929763794
1459200,364800,65.5854797363,231.440734863,272.819488525,95.0803756714
1580800,364800,58.140247345,233.438293457,272.406555176,25.2422485352
1702400,364800,66.110748291,234.234466553,272.361785889,17.091594696
1824000,364800,93.9148025513,235.275390625,272.345703125,14.9171562195
1945600,364800,105.952209473,237.489959717,272.360198975,22.8372745514
2067200,364800,146.379760742,240.075897217,272.424804688,20.6612701416
2188800,364800,222.825164795,243.805007935,272.588897705,38.4874649048
2310400,364800,298.449554443,247.994003296,272.97958374,10.5173416138
2432000,364800,587.09185791,260.062591553,273.431976318,1216.5793457
-1702400,243200,844.206054688,250.265960693,271.669067383,37.6141700745
-1580800,243200,417.42755127,246.373443604,271.657287598,31.6413345337
-1459200,243200,303.296142578,246.461410522,271.684844971,5.91730260849
-1337600,243200,294.222137451,245.079620361,271.527893066,3.8011059761
-1216000,243200,199.389526367,243.623840332,271.442718506,3.82384586334
-1094400,243200,144.870635986,243.494659424,271.585540771,1.40379941463
-972800,243200,172.593338013,246.171325684,271.586761475,27.2366523743
-851200,243200,176.908798218,244.54296875,271.63293457,51.0317611694
-729600,243200,194.268341064,243.861938477,271.676025391,114.040763855
-608000,243200,180.350784302,241.168731689,271.743438721,0.372631937265
-486400,243200,162.54246521,238.478317261,271.782440186,0.0426860637963
-364800,243200,133.657714844,234.378219604,271.841644287,2.32847952843
-243200,243200,103.274536133,230.109451294,271.743988037,17.458530426
-121600,243200,73.3032608032,227.57270813,271.94329834,14.019824028
0,243200,56.7974510193,225.140594482,271.817016602,6.81279277802
121600,243200,50.884185791,223.859268188,271.977539062,7.67732429504
243200,243200,37.065246582,222.746688843,272.010772705,6.42999887466
364800,243200,30.8342914581,220.446563721,272.064331055,3.73993229866
486400,243200,26.000535965,218.598236084,272.113006592,3.04128026962
608000,243200,21.5526294708,218.36920166,272.16192627,2.3803999424
729600,243200,14.8797388077,215.589447021,272.210754395,1.2697892189
851200,243200,13.7465362549,214.660446167,272.260345459,0.825735330582
972800,243200,16.8433132172,214.412277222,272.316131592,0.0601425953209
1094400,243200,28.873966217,217.850799561,272.376861572,0.843252420425
1216000,243200,60.3807525635,222.975799561,272.46963501,4.28119659424
1337600,243200,59.6166687012,226.021408081,272.642608643,46.1494216919
1459200,243200,55.311000824,228.507598877,272.439453125,36.4307518005
1580800,243200,55.8308296204,229.324920654,272.390686035,12.1786842346
1702400,243200,64.6178436279,230.22328186,272.384735107,8.68515586853
1824000,243200,83.009223938,231.255340576,272.397491455,6.86497402191
1945600,243200,90.6885223389,232.964035034,272.442260742,8.0574426651
2067200,243200,132.405471802,235.691375732,272.531188965,24.9518299103
2188800,243200,203.543029785,239.653076172,272.68862915,44.3507232666
2310400,243200,331.160430908,244.499359131,273.167358398,268.365875244
2432000,243200,491.97454834,251.360229492,273.226104736,632.815185547
2553600,243200,673.980712891,258.402770996,273.060577393,181.117935181
-1824000,121600,1182.20397949,256.413757324,271.930206299,217.928237915
-1702400,121600,458.218841553,248.385665894,271.710845947,5.39139509201
-1580800,121600,358.308074951,246.378326416,271.698272705,11.646771431
-1459200,121600,366.122711182,245.433151245,271.658172607,9.06983947754
-1337600,121600,310.372741699,245.112915039,271.629760742,18.9388656616
-1094400,121600,-24.4182434082,242.035903931,271.643798828,0.0171923302114
-972800,121600,120.504875183,243.014358521,271.643768311,21.7300605774
-851200,121600,137.063323975,243.23387146,271.622650146,39.1431121826
-729600,121600,133.93347168,241.925338745,271.702087402,104.348991394
-608000,121600,138.699203491,239.60609436,271.547424316,33.0135688782
-486400,121600,132.453521729,238.249526978,271.57824707,3.50817704201
-364800,121600,133.68901062,236.64654541,271.827209473,1.26841044426
-243200,121600,92.3413314819,229.439407349,271.862213135,1.2906370163
-121600,121600,78.615737915,225.564300537,271.859375,3.9872481823
0,121600,65.6901931763,224.904525757,271.790130615,9.37539672852
121600,121600,50.4710197449,223.379150391,271.931243896,9.92517185211
243200,121600,36.1665153503,219.96887207,271.980895996,2.56473231316
364800,121600,31.6630344391,220.407287598,272.016876221,4.98563814163
486400,121600,24.3060131073,219.106628418,272.06628418,4.07626104355
608000,121600,19.796918869,218.477081299,272.114135742,3.47660017014
729600,121600,15.4473981857,216.830993652,272.161743164,3.86512923241
851200,121600,16.6367549896,215.988998413,272.210449219,3.96925115585
972800,121600,15.0918292999,214.553756714,272.26574707,2.41212272644
1094400,121600,23.5139942169,215.637008667,272.325469971,0.612927436829
1216000,121600,41.8641815186,219.021972656,272.400817871,8.15762710571
1337600,121600,46.3935508728,222.720611572,272.458862305,15.1162395477
1459200,121600,48.8535270691,224.456161499,272.410675049,13.2277612686
1580800,121600,52.8495903015,225.699859619,272.381347656,7.63798999786
1702400,121600,61.4055328369,227.016616821,272.38571167,4.950319767
1824000,121600,74.6842346191,228.937805176,272.414733887,7.71116399765
1945600,121600,88.0992507935,230.84211731,272.473205566,12.8533611298
2067200,121600,134.361740112,233.513031006,272.568725586,25.9292755127
2188800,121600,204.375793457,237.682617188,272.691345215,66.9178314209
2310400,121600,346.494812012,242.36177063,273.069213867,64.5346450806
2432000,121600,558.74786377,248.559356689,273.171356201,13.8827562332
2553600,121600,578.993408203,255.37852478,273.351135254,969.364257812
-1824000,0,1035.64294434,255.003173828,271.871673584,22.5266780853
-1702400,0,283.485076904,249.151794434,271.929351807,12.2104406357
-1580800,0,468.945098877,248.119781494,271.936553955,20.1990795135
-1459200,0,332.311279297,244.719573975,271.716033936,10.7432699203
-1337600,0,213.464889526,243.177505493,271.512298584,9.18170833588
-1216000,0,139.677383423,241.071762085,271.638824463,6.20405817032
-1094400,0,98.7806549072,240.185180664,271.692687988,8.9268693924
-972800,0,114.393791199,240.321289062,271.758972168,10.468621254
-851200,0,122.644775391,239.497009277,271.545196533,51.3415794373
-729600,0,124.625305176,238.656356812,271.652923584,61.7747116089
-608000,0,123.89125824,236.953109741,271.763977051,15.1760406494
-486400,0,155.150802612,235.134750366,271.79486084,1.20016050339
-364800,0,140.528640747,234.770568848,271.646179199,30.1082897186
-243200,0,102.212417603,229.619537354,271.8543396,8.41722106934
-121600,0,87.3042373657,224.979049683,271.858032227,6.37021350861
0,0,76.9790420532,224.300354004,271.893768311,10.456571579
121600,0,46.2701339722,222.706848145,271.907684326,2.9051027298
243200,0,37.4083480835,219.504104614,271.942047119,0.531143188477
364800,0,33.7617797852,219.868301392,271.976715088,3.16200041771
486400,0,24.9452095032,219.897689819,272.022216797,4.43484020233
608000,0,22.9138641357,219.68031311,272.067230225,4.50161600113
729600,0,16.8747215271,217.84664917,272.112335205,4.3878235817
851200,0,17.9639263153,216.401031494,272.158599854,2.81673288345
972800,0,15.5930938721,215.557296753,272.209564209,3.45176124573
1094400,0,18.0934314728,214.262649536,272.259277344,0.5102673769
1216000,0,27.217912674,216.250305176,272.306915283,1.85576581955
1337600,0,34.3887367249,219.22303772,272.337310791,3.45395970345
1459200,0,41.3696060181,221.611450195,272.341827393,4.11540603638
1580800,0,45.8192405701,223.2162323,272.344604492,3.36706352234
1702400,0,53.8258323669,224.464279175,272.363494873,2.96347546577
1824000,0,65.8968200684,226.654067993,272.402801514,6.06513977051
1945600,0,90.870803833,229.193908691,272.465637207,11.1774778366
2067200,0,123.09172821,231.911026001,272.559936523,24.7950134277
2188800,0,160.592269897,236.272033691,272.714660645,42.0334396362
2310400,0,252.220626831,241.075927734,272.76763916,76.3042297363
2432000,0,377.460266113,246.762329102,273.060821533,116.49861145
2553600,0,532.846313477,258.335083008,272.85244751,6.04135608673
-1824000,-121600,1402.39099121,255.441696167,271.720703125,3.79849720001
-1702400,-121600,297.579803467,249.904251099,271.978729248,5.593791008
-1580800,-121600,532.792236328,249.281021118,271.965484619,5.47247123718
-1459200,-121600,497.320922852,246.995849609,271.979949951,182.418426514
-1337600,-121600,298.414398193,243.083480835,271.936309814,36.8108253479
-1216000,-121600,251.397399902,241.686172485,271.924438477,39.2050170898
-1094400,-121600,170.621337891,240.116256714,271.918670654,16.9602603912
-972800,-121600,90.0196685791,238.909225464,271.764953613,6.65835142136
-851200,-121600,114.367500305,238.503005981,271.8019104,12.0728254318
-729600,-121600,149.331176758,237.417160034,271.704040527,9.36161518097
-608000,-121600,197.614074707,237.004257202,271.732910156,10.1400022507
-486400,-121600,187.600753784,234.583007812,271.840026855,3.0971903801
-364800,-121600,129.173492432,231.959655762,271.859558105,0.357432991266
-243200,-121600,124.927734375,230.260681152,271.864562988,1.05075967312
-121600,-121600,101.208999634,226.334564209,271.859405518,0.661584019661
0,-121600,74.0012741089,223.48928833,271.875488281,1.68656182289
121600,-121600,59.0395050049,221.703155518,271.888519287,0.0239661652595
243200,-121600,40.6162796021,220.938491821,271.906829834,0.0626092627645
364800,-121600,31.5462226868,219.765960693,271.941894531,1.20858287811
486400,-121600,28.2125778198,220.045471191,271.980712891,4.20688009262
608000,-121600,23.3380489349,219.930847168,272.020599365,4.83119010925
729600,-121600,20.785823822,219.36656189,272.062438965,4.56091976166
851200,-121600,18.9077644348,218.115829468,272.105834961,4.80785655975
972800,-121600,14.8209209442,216.358062744,272.15234375,3.61305236816
1094400,-121600,15.4673919678,215.251419067,272.193908691,1.99673068523
1216000,-121600,15.710108757,215.869155884,272.229370117,0.537840127945
1337600,-121600,21.9263877869,217.039321899,272.254608154,0.0683852657676
1459200,-121600,26.7467384338,218.824768066,272.27130127,0.0634019002318
1580800,-121600,35.3835258484,220.532531738,272.290557861,0.982981801033
1702400,-121600,47.7130012512,222.089569092,272.320709229,1.53746581078
1824000,-121600,62.8340835571,224.369644165,272.367401123,4.57218074799
1945600,-121600,80.6597137451,227.5390625,272.428436279,8.00536251068
2067200,-121600,95.4969024658,230.755279541,272.500396729,9.72906684875
2188800,-121600,125.501426697,234.485031128,272.61920166,20.5624771118
2310400,-121600,189.514755249,239.482391357,272.7421875,37.8736534119
2432000,-121600,318.57019043,245.059371948,273.078399658,35.9305152893
2553600,-121600,749.346679688,254.984207153,272.989196777,32.4761123657
-1945600,-243200,1043.59448242,258.818725586,272.294311523,0.934154868126
-1824000,-243200,1042.67578125,255.939712524,272.117004395,3.47224855423
-1702400,-243200,413.1953125,253.0105896,271.958190918,6.30024862289
-1580800,-243200,739.341308594,252.40737915,272.030517578,881.410583496
-1459200,-243200,559.044372559,248.273071289,272.011657715,26.7640705109
-1337600,-243200,330.434509277,244.861740112,271.993041992,65.6363067627
-1216000,-243200,323.811706543,242.842453003,271.977020264,39.0354766846
-1094400,-243200,195.910110474,240.743789673,271.966094971,16.2237644196
-972800,-243200,168.934158325,240.442718506,272.060089111,15.8903875351
-851200,-243200,175.695129395,240.79737854,271.901550293,29.9768371582
-729600,-243200,229.695205688,242.497177124,271.849822998,34.0261192322
-608000,-243200,288.702392578,242.360275269,271.829040527,67.0190353394
-486400,-243200,268.315704346,239.178710938,271.931915283,0.318799138069
-364800,-243200,218.380081177,234.746887207,271.906555176,0.0612078495324
-243200,-243200,143.259460449,233.026138306,271.888275146,0.308311074972
-121600,-243200,137.707305908,230.855148315,271.875091553,0.706041693687
0,-243200,54.6604957581,227.16708374,271.87109375,0.697969436646
121600,-243200,46.4927444458,224.729476929,271.875518799,1.34706103802
243200,-243200,42.9276123047,223.376358032,271.887268066,0.940439045429
364800,-243200,28.6761054993,221.859069824,271.909729004,1.17949819565
486400,-243200,27.9829063416,220.98739624,271.938293457,3.75706219673
608000,-243200,22.6938037872,220.998123169,271.972381592,6.3854637146
729600,-243200,22.7018890381,220.221710205,272.011322021,8.66326236725
851200,-243200,21.3940753937,219.491394043,272.053314209,3.81495642662
972800,-243200,15.2358865738,218.141571045,272.097808838,5.24358415604
1094400,-243200,14.8602695465,217.326950073,272.135253906,3.78632569313
1216000,-243200,15.1837348938,217.049926758,272.163909912,4.143055439
1337600,-243200,17.9553222656,216.75378418,272.183380127,6.92439508438
1459200,-243200,25.0968379974,217.554153442,272.199981689,5.72689819336
1580800,-243200,35.2621040344,219.428283691,272.224151611,4.54905033112
1702400,-243200,48.2243881226,221.35194397,272.260192871,5.51146316528
1824000,-243200,63.0285758972,223.840759277,272.316162109,5.77738761902
1945600,-243200,80.9149780273,227.038513184,272.384460449,12.7604322433
2067200,-243200,114.601768494,230.579040527,272.425323486,27.9148464203
2188800,-243200,156.542510986,233.664535522,272.985565186,15.2064294815
2310400,-243200,181.079727173,237.939819336,272.769897461,14.5086250305
2432000,-243200,258.463409424,244.203353882,272.856872559,13.5447416306
2553600,-243200,707.389526367,254.553268433,273.363861084,539.74230957
-1945600,-364800,969.742492676,260.814086914,272.714538574,0.229217380285
-1824000,-364800,648.699279785,257.050628662,272.289031982,0.86485183239
-1580800,-364800,956.87512207,256.263427734,271.954620361,52.6704750061
-1459200,-364800,463.854614258,249.834838867,272.079711914,660.833618164
-1337600,-364800,419.620025635,245.844512939,272.050567627,191.519943237
-1216000,-364800,389.494812012,244.352355957,272.026885986,118.847961426
-1094400,-364800,226.533737183,242.361968994,272.010986328,9.4145450592
-972800,-364800,215.395828247,242.173782349,272.100280762,41.8122940063
-851200,-364800,177.715301514,244.353439331,271.985137939,40.9439315796
-729600,-364800,203.375961304,246.105102539,272.083740234,63.3606796265
-608000,-364800,184.873901367,246.554275513,271.968322754,39.9594993591
-486400,-364800,197.742782593,246.8543396,272.065124512,13.4237289429
-364800,-364800,292.627990723,247.475952148,272.055480957,0.735655128956
-243200,-364800,266.580596924,240.029434204,271.919281006,1.33759462833
-121600,-364800,146.379714966,233.394668579,271.875640869,0.0204015225172
0,-364800,55.6149215698,230.561096191,271.860687256,0.0870798975229
121600,-364800,38.8939094543,228.688919067,271.854125977,2.12093377113
243200,-364800,31.4921226501,225.443786621,271.857543945,2.68808698654
364800,-364800,24.8737678528,224.156585693,271.868988037,4.79068374634
486400,-364800,23.9469547272,222.510253906,271.887573242,6.98644018173
608000,-364800,20.4716243744,222.281585693,271.916015625,5.18423557281
729600,-364800,25.8605556488,221.770446777,271.954223633,6.06014251709
851200,-364800,21.9869537354,220.464935303,271.998077393,4.26102018356
972800,-364800,15.912768364,219.051498413,272.045532227,2.84877347946
1094400,-364800,16.5418434143,217.562835693,272.084289551,2.6912317276
1216000,-364800,15.0396308899,217.018188477,272.10736084,1.36135458946
1337600,-364800,17.4425506592,216.440597534,272.111816406,3.04441046715
1459200,-364800,23.1879081726,217.958251953,272.117401123,1.17442989349
1580800,-364800,34.4302215576,220.189483643,272.140228271,6.77488040924
1702400,-364800,48.6434135437,222.333557129,272.173980713,11.2294216156
1824000,-364800,65.4641494751,224.485473633,272.247314453,9.78503417969
1945600,-364800,92.3697738647,227.311187744,272.349304199,13.656211853
2067200,-364800,135.59777832,231.039276123,272.440612793,25.4575252533
2188800,-364800,197.24710083,235.088760376,273.01071167,59.3883895874
2310400,-364800,339.111633301,239.234542847,273.109436035,74.5382766724
2432000,-364800,563.897766113,243.772766113,272.892730713,1.92834424973
2553600,-364800,800.998291016,253.74760437,273.191833496,0.509981215
-1580800,-486400,821.42401123,257.734527588,272.17401123,3412.328125
-1459200,-486400,919.025512695,251.040008545,272.151947021,859.263671875
-1337600,-486400,462.02230835,246.260299683,272.097503662,221.922790527
-1216000,-486400,443.50680542,244.51953125,272.06552124,57.0219306946
-1094400,-486400,201.990432739,242.774108887,272.148101807,3.41686820984
-972800,-486400,156.566101074,243.405548096,272.136474609,9.66351509094
-851200,-486400,135.569366455,245.268661499,272.124450684,94.7166671753
-729600,-486400,140.796340942,246.450973511,272.110412598,94.0364608765
-608000,-486400,137.204696655,245.48348999,272.09262085,28.9824047089
-486400,-486400,132.590515137,245.941482544,272.07131958,35.3219070435
-364800,-486400,151.428848267,247.258132935,272.137145996,0.064899109304
-243200,-486400,268.033599854,244.648178101,272.026428223,0.0296174176037
-121600,-486400,334.692047119,241.355041504,271.888549805,4.47284412384
0,-486400,52.4077262878,231.136154175,271.842468262,0.0276050679386
243200,-486400,26.5844726562,229.217468262,271.82321167,0.970405101776
364800,-486400,20.2919502258,225.850067139,271.823669434,4.45837497711
486400,-486400,21.4137020111,224.044677734,271.829681396,10.0328168869
608000,-486400,16.950340271,222.935623169,271.852722168,4.99376153946
729600,-486400,19.4311389923,222.340621948,271.895446777,5.5613822937
851200,-486400,18.692565918,222.023223877,271.945587158,5.69295978546
972800,-486400,16.3072013855,220.155197144,272.002563477,4.71932697296
1094400,-486400,15.9632644653,218.671646118,272.053649902,3.35158491135
1216000,-486400,15.6905212402,218.229873657,272.080627441,2.44698619843
1337600,-486400,17.7478160858,218.401992798,272.041809082,1.55783390999
1459200,-486400,25.6063327789,219.385742188,272.018585205,4.49214839935
1580800,-486400,36.7543373108,221.078216553,272.085693359,7.33733415604
1702400,-486400,51.5248069763,222.851394653,272.827423096,11.8199052811
1824000,-486400,73.6259918213,224.856323242,272.910614014,13.4734764099
1945600,-486400,93.7316436768,226.91317749,272.801391602,2.73546099663
2067200,-486400,123.481941223,230.977767944,272.889282227,17.2458324432
2188800,-486400,156.191009521,235.82170105,272.996063232,25.2265205383
2310400,-486400,214.507064819,240.4896698,272.813446045,32.2408828735
2432000,-486400,379.685302734,245.689590454,273.179992676,242.076385498
2553600,-486400,378.053314209,254.744644165,272.670288086,1.54872703552
2675200,-486400,538.879150391,262.387878418,272.960601807,543.841796875
-1580800,-608000,1140.25854492,255.691818237,272.331726074,0.248049438
-1459200,-608000,800.550048828,251.717407227,272.185424805,298.068664551
-1337600,-608000,426.845092773,245.868591309,272.116455078,31.5277404785
-1216000,-608000,333.55456543,243.49005127,272.133148193,26.9198665619
-1094400,-608000,175.388641357,242.880477905,272.180633545,3.45867538452
-972800,-608000,134.324447632,243.512619019,272.173034668,24.0766429901
-851200,-608000,111.049484253,245.861557007,272.160583496,20.5005607605
-729600,-608000,117.44065094,246.451293945,272.206420898,16.8204479218
-608000,-608000,116.572624207,244.51083374,272.114776611,7.1638469696
-486400,-608000,119.358848572,243.114562988,272.077270508,7.12927150726
-364800,-608000,116.970962524,243.277008057,272.128997803,1.29362249374
-243200,-608000,151.427734375,243.725067139,271.999603271,0.00846526585519
-121600,-608000,222.227584839,244.80090332,271.969543457,109.567344666
0,-608000,189.765472412,243.091720581,271.921813965,0.116847261786
121600,-608000,117.621871948,235.505661011,271.855682373,0.151878267527
243200,-608000,16.6773986816,228.820480347,271.789886475,0.00404477864504
364800,-608000,17.7103271484,228.443405151,271.77444458,3.26986956596
486400,-608000,19.6901950836,226.082824707,271.757904053,3.56890034676
608000,-608000,17.3361816406,224.814407349,271.771575928,15.0271139145
729600,-608000,17.5104618073,223.329589844,271.831573486,6.57172441483
851200,-608000,16.892124176,222.089752197,271.890106201,3.09145069122
972800,-608000,18.7452697754,221.074829102,271.961181641,5.66654157639
1094400,-608000,15.6436738968,219.506576538,272.040649414,3.16019034386
1216000,-608000,16.5007705688,218.69519043,272.135803223,2.36081600189
1337600,-608000,19.2494945526,218.490783691,272.461547852,0.960335493088
1459200,-608000,26.9653491974,219.124725342,272.683685303,3.15524983406
1580800,-608000,38.8271636963,220.450500488,272.749572754,5.31195926666
1702400,-608000,53.4104652405,222.591842651,272.817077637,6.32975912094
1824000,-608000,75.6101989746,225.391281128,272.890655518,12.486199379
1945600,-608000,105.547958374,227.621047974,272.970550537,17.016500473
2067200,-608000,141.160186768,231.660949707,272.847717285,13.5466747284
2188800,-608000,192.164276123,236.524520874,273.147766113,19.2073612213
2310400,-608000,208.331634521,239.747436523,272.504943848,5.50638723373
2432000,-608000,216.24671936,245.917663574,272.625854492,5.87655687332
2553600,-608000,598.566040039,255.983230591,272.54864502,25.6784763336
2675200,-608000,724.709594727,264.67401123,272.758911133,0.00474153319374
-1580800,-729600,1067.85998535,258.163238525,272.250152588,2.07854318619
-1459200,-729600,1029.63574219,251.263671875,272.032836914,23.5010604858
-1337600,-729600,538.867919922,245.732055664,272.115142822,18.0065174103
-1216000,-729600,262.940155029,242.801239014,272.144042969,16.3343238831
-1094400,-729600,174.210144043,243.278564453,272.269897461,15.4307184219
-972800,-729600,142.79510498,244.084335327,272.214080811,21.1425876617
-851200,-729600,126.373680115,246.643112183,272.203979492,43.574420929
-729600,-729600,102.572120667,246.779846191,272.182189941,127.095100403
-608000,-729600,100.341590881,243.788619995,272.145782471,63.2681007385
-486400,-729600,106.056869507,242.879928589,272.09173584,11.4489307404
-364800,-729600,101.415939331,241.513076782,272.093536377,0.0059940633364
-243200,-729600,108.96182251,241.927658081,272.020782471,58.514919281
-121600,-729600,153.781341553,243.553024292,271.997039795,21.989233017
0,-729600,220.893005371,242.427322388,271.883666992,195.125946045
121600,-729600,247.023742676,242.470718384,271.931732178,111.359664917
243200,-729600,77.6456680298,235.079910278,271.718658447,2.55740427971
364800,-729600,15.7638702393,231.259063721,271.732818604,0.0219623669982
486400,-729600,20.0232105255,228.519760132,271.699829102,2.39243078232
608000,-729600,17.5705833435,226.314331055,271.721008301,12.7541303635
729600,-729600,14.3095502853,225.396240234,271.768157959,13.5127735138
851200,-729600,15.1992359161,223.543960571,271.827484131,7.1150598526
972800,-729600,16.962802887,221.416381836,271.909454346,4.03086042404
1094400,-729600,16.4482002258,219.785797119,272.011627197,2.19210934639
1216000,-729600,18.3140773773,218.769958496,272.173858643,1.53493964672
1337600,-729600,21.5889854431,218.220718384,272.596405029,0.0501924268901
1459200,-729600,30.3516521454,218.606369019,272.654937744,1.19218027592
1580800,-729600,41.9307861328,220.646255493,272.721954346,1.51421296597
1702400,-729600,57.1371803284,224.335266113,272.790405273,5.56810855865
1824000,-729600,78.0490036011,227.920074463,272.86517334,11.090171814
1945600,-729600,107.730560303,230.89755249,272.947296143,27.8761177063
2067200,-729600,153.423904419,234.747634888,273.03692627,59.3062934875
2188800,-729600,213.835845947,239.170013428,273.135406494,40.9699363708
2310400,-729600,407.456726074,243.842102051,272.474029541,29.8932189941
2432000,-729600,705.541809082,251.637619019,272.477020264,31.026391983
-1459200,-851200,1146.25415039,254.757858276,271.884185791,1360.28833008
-1337600,-851200,920.384216309,248.46131897,271.920959473,201.510116577
-1216000,-851200,324.492736816,240.891113281,271.883178711,1.96136450768
-1094400,-851200,186.482269287,242.129455566,272.01449585,5.5604839325
-972800,-851200,188.457427979,244.775604248,272.151153564,83.0586624146
-851200,-851200,154.883880615,246.394897461,272.261505127,125.624732971
-729600,-851200,116.428947449,244.537612915,272.240264893,36.8616790771
-608000,-851200,106.343887329,244.427505493,272.194946289,1.44451677799
-486400,-851200,120.878128052,242.756652832,272.122680664,90.3543930054
-364800,-851200,105.45690155,241.507568359,272.080444336,0.00105331838131
-243200,-851200,96.5326309204,241.345581055,272.003479004,106.772842407
-121600,-851200,112.016807556,242.012954712,271.83102417,163.800872803
0,-851200,145.94052124,242.297698975,271.844543457,228.58895874
121600,-851200,182.49168396,241.546783447,271.775482178,198.90171814
243200,-851200,184.657348633,244.056167603,271.695953369,101.42049408
364800,-851200,67.0583343506,234.103256226,271.703613281,0.0140573466197
486400,-851200,18.670255661,233.360824585,271.620452881,57.9167366028
608000,-851200,18.7909183502,226.828125,271.673431396,19.6979618073
729600,-851200,17.1111373901,225.432266235,271.724639893,9.60414409637
851200,-851200,17.6300029755,224.41166687,271.775817871,9.01440906525
972800,-851200,18.9552555084,223.104507446,271.842926025,8.66263103485
1094400,-851200,17.7219524384,221.362976074,271.940429688,3.01370453835
1216000,-851200,20.3661499023,219.016159058,272.036468506,0.728875041008
1337600,-851200,23.853313446,219.02456665,271.974487305,0.334180414677
1459200,-851200,34.4664802551,219.81703186,272.621948242,0.964975595474
1580800,-851200,47.9199562073,222.677932739,272.633148193,1.60045278072
1702400,-851200,72.8979721069,226.988220215,272.126037598,9.45020294189
1824000,-851200,101.276565552,230.348373413,272.830963135,21.2636489868
1945600,-851200,152.691726685,234.429122925,272.914031982,39.0935821533
2067200,-851200,232.889923096,238.535583496,272.967834473,25.6899414062
2188800,-851200,365.564117432,243.28125,273.142028809,55.3941726685
2310400,-851200,448.760162354,250.255615234,272.561767578,34.2483634949
-1459200,-972800,1220.4876709,257.573028564,272.049041748,72.2876663208
-1337600,-972800,1345.73291016,254.651870728,272.019012451,1229.67260742
-1216000,-972800,697.533447266,246.53717041,272.067687988,0.0351549834013
-1094400,-972800,262.515899658,242.378463745,272.051422119,0.243298694491
-972800,-972800,184.235870361,244.691452026,272.043334961,26.5778484344
-851200,-972800,197.402664185,246.650817871,272.238464355,49.3387031555
-729600,-972800,144.149002075,245.963348389,272.32723999,5.72560548782
-608000,-972800,167.67880249,246.543838501,272.169219971,1.68680298328
-486400,-972800,112.702514648,242.268295288,272.183166504,34.7147369385
-364800,-972800,116.491867065,241.748352051,272.031707764,116.836372375
-243200,-972800,119.039459229,241.640777588,271.931213379,202.050842285
-121600,-972800,118.243835449,241.843414307,271.764038086,272.05090332
0,-972800,128.007980347,241.807434082,271.697509766,296.031555176
121600,-972800,139.975204468,241.310012817,271.624084473,255.702102661
243200,-972800,161.746414185,241.204269409,271.704162598,119.148727417
364800,-972800,152.598693848,244.11289978,271.876434326,1.41266274452
486400,-972800,28.9937171936,231.724731445,271.686462402,0.564097106457
608000,-972800,20.3252601624,226.844772339,271.638885498,3.26824426651
729600,-972800,18.2665328979,224.276229858,271.68157959,1.85103321075
851200,-972800,18.6628074646,223.854812622,271.735443115,4.34131002426
972800,-972800,21.8529872894,223.411056519,271.793395996,4.11773395538
1094400,-972800,22.2246360779,222.93270874,271.862823486,3.82498168945
1216000,-972800,22.679227829,222.328292847,271.919616699,3.98249340057
1337600,-972800,27.7111473083,221.421340942,271.948303223,1.01531732082
1459200,-972800,40.8584938049,221.787857056,272.546020508,0.512434840202
1580800,-972800,62.2000694275,224.829788208,272.651763916,5.30581474304
1702400,-972800,92.5020675659,228.998718262,272.718475342,19.4486865997
1824000,-972800,129.885803223,232.711746216,272.790893555,49.9028244019
1945600,-972800,185.7709198,237.1121521,272.870269775,92.8541259766
2067200,-972800,281.895324707,241.997619629,272.9609375,35.7402648926
2188800,-972800,565.611816406,248.842803955,273.101135254,417.537322998
2310400,-972800,642.214416504,250.943206787,273.116607666,7.15469503403
2432000,-972800,456.666870117,256.699737549,272.602844238,10.2346258163
-1459200,-1094400,1488.90649414,261.067016602,272.210296631,59.1932144165
-1337600,-1094400,970.768371582,261.800445557,272.514770508,1097.40576172
-1216000,-1094400,1504.14978027,254.266204834,272.304931641,90.1529388428
-1094400,-1094400,841.41784668,248.955825806,272.125640869,0.27433308959
-972800,-1094400,334.253112793,245.780456543,272.107116699,6.45952653885
-851200,-1094400,335.373016357,248.847412109,272.261169434,0.0412905327976
-729600,-1094400,546.628723145,248.980224609,272.432800293,2.31387972832
-608000,-1094400,247.723251343,248.001556396,272.380950928,9.00941753387
-486400,-1094400,161.424926758,244.314056396,272.398223877,0.229369670153
-364800,-1094400,172.140289307,244.664489746,272.032287598,0.247597247362
-243200,-1094400,166.742370605,242.831878662,271.746368408,290.890075684
-121600,-1094400,154.487594604,242.377197266,271.706115723,422.215606689
0,-1094400,146.762756348,241.966873169,271.598999023,432.973571777
121600,-1094400,152.359985352,241.576629639,271.589233398,363.686920166
243200,-1094400,160.395874023,242.163925171,271.642822266,156.43006897
364800,-1094400,197.437835693,243.881011963,271.855529785,12.7976789474
486400,-1094400,43.4241409302,233.435592651,271.66027832,2.95372533798
608000,-1094400,27.55809021,227.010299683,271.592071533,3.18609595299
729600,-1094400,23.0499076843,224.153121948,271.642181396,0.830853521824
851200,-1094400,22.3603935242,223.908294678,271.699127197,2.34773945808
972800,-1094400,24.1815986633,223.690093994,271.759918213,2.10032963753
1094400,-1094400,26.9761695862,223.050689697,271.814605713,3.50035023689
1216000,-1094400,30.7930183411,223.547241211,271.859771729,4.85540819168
1337600,-1094400,37.4502182007,223.012023926,272.013122559,4.57687616348
1459200,-1094400,50.3382415771,223.11479187,272.550689697,0.230957746506
1580800,-1094400,73.3943862915,226.099899292,272.574645996,4.36688327789
1702400,-1094400,107.382888794,230.495666504,272.622131348,17.4290428162
1824000,-1094400,148.198455811,234.682525635,272.746765137,48.6025047302
1945600,-1094400,225.722503662,239.428009033,272.819702148,130.889328003
2067200,-1094400,405.773803711,245.148925781,272.887573242,547.899902344
2188800,-1094400,632.251525879,253.08052063,272.909912109,1013.67510986
2310400,-1094400,1464.10424805,257.750701904,272.241333008,3.62790632248
-972800,-1216000,1052.19494629,255.772583008,272.184967041,8.30615520477
-851200,-1216000,378.522125244,253.095062256,272.36026001,1.66728568077
-729600,-1216000,670.314941406,251.163604736,272.713775635,54.9561233521
-608000,-1216000,880.349975586,251.89855957,272.297851562,1.04462110996
-486400,-1216000,272.392974854,249.760116577,272.442016602,0.057467892766
-243200,-1216000,218.470916748,245.235061646,272.112915039,450.663085938
-121600,-1216000,198.841110229,243.878555298,271.938537598,527.63684082
0,-1216000,177.389862061,242.901779175,271.831787109,535.887939453
121600,-1216000,185.637130737,242.52772522,271.843383789,468.68536377
243200,-1216000,179.656280518,242.877944946,271.875213623,259.200775146
364800,-1216000,223.955093384,241.008834839,271.611877441,0.799766123295
486400,-1216000,68.2660369873,230.614944458,271.602355957,0.40123000741
608000,-1216000,29.0705337524,226.930892944,271.540679932,1.70680212975
729600,-1216000,28.9618606567,224.693954468,271.602264404,0.441108256578
851200,-1216000,27.1562461853,224.411636353,271.708740234,1.00184392929
972800,-1216000,29.4726467133,224.59576416,271.771850586,2.39252948761
1094400,-1216000,32.0818252563,224.630737305,271.827941895,1.99940025806
1216000,-1216000,41.207447052,224.560775757,271.909088135,5.98779392242
1337600,-1216000,48.2827224731,224.492477417,272.057647705,3.89050269127
1459200,-1216000,59.5216293335,225.261108398,272.225036621,1.45739126205
1580800,-1216000,82.9704208374,228.000595093,272.572967529,5.6500749588
1702400,-1216000,119.16368103,232.322128296,271.895202637,15.5300693512
1824000,-1216000,167.570571899,236.457962036,272.664703369,36.4260025024
1945600,-1216000,259.484710693,241.337036133,272.737640381,112.742622375
2067200,-1216000,471.658355713,247.865783691,272.669769287,430.49520874
2188800,-1216000,896.118774414,258.891113281,272.814971924,531.949462891
0,-1337600,307.600860596,256.95324707,272.05456543,607.11315918
121600,-1337600,234.912750244,246.141067505,272.113800049,543.123779297
243200,-1337600,243.784088135,249.825027466,272.154815674,222.342193604
486400,-1337600,36.7426872253,234.903930664,271.486572266,0.0143486410379
608000,-1337600,27.6271896362,230.567077637,271.51574707,1.39436042309
729600,-1337600,31.0122470856,227.216247559,271.610076904,3.54454660416
851200,-1337600,33.7879257202,225.597503662,271.681274414,1.24552512169
972800,-1337600,38.4521865845,225.506973267,271.746582031,2.25342774391
1094400,-1337600,43.6506614685,226.088897705,271.913543701,5.03055334091
1216000,-1337600,53.5673713684,226.687927246,271.965454102,5.26633262634
1337600,-1337600,66.9259490967,227.34803772,272.019439697,11.8235902786
1459200,-1337600,77.4146728516,228.330841064,272.174591064,3.75416588783
1580800,-1337600,117.849693298,230.815658569,272.175079346,16.1521320343
1702400,-1337600,177.973937988,234.274871826,272.156463623,30.2723865509
1824000,-1337600,235.158233643,238.099914551,272.458007812,22.0801887512
1945600,-1337600,302.045501709,242.734176636,271.997161865,53.1874580383
2067200,-1337600,425.974609375,249.997772217,272.700714111,83.7598342896
2188800,-1337600,734.998718262,262.991149902,272.97869873,2902.69482422
486400,-1459200,65.5651855469,243.134506226,271.579101562,0.120061866939
608000,-1459200,42.7413101196,235.034393311,271.559234619,4.33211565018
729600,-1459200,39.5892562866,230.11920166,271.592773438,11.6327562332
851200,-1459200,42.6885452271,226.952285767,271.664886475,2.00398468971
972800,-1459200,48.4386367798,226.97883606,271.934448242,2.66380667686
1094400,-1459200,58.3971557617,227.711700439,271.986480713,5.4807972908
1216000,-1459200,68.4294662476,228.572525024,271.95135498,5.32724523544
1337600,-1459200,90.6810455322,229.6431427,271.982574463,11.8542957306
1459200,-1459200,110.120101929,230.655044556,272.023834229,7.91613721848
1580800,-1459200,147.20539856,232.828521729,272.056060791,8.22272396088
1702400,-1459200,253.910064697,236.788192749,271.844360352,50.1380271912
1824000,-1459200,428.346313477,241.466156006,272.616363525,129.821273804
1945600,-1459200,618.802856445,246.889343262,272.650817871,36.9149551392
2067200,-1459200,710.629577637,254.88848877,272.655090332,23.9366970062
2188800,-1459200,936.024780273,266.270019531,273.100830078,1177.59814453
486400,-1580800,173.259841919,246.227050781,271.573974609,0.563605248928
608000,-1580800,80.1841201782,234.451309204,271.522705078,8.0771856308
729600,-1580800,59.4544792175,230.51234436,271.585510254,7.68035650253
851200,-1580800,53.3988952637,229.031738281,271.765441895,0.771488189697
972800,-1580800,69.5708618164,229.226989746,271.959564209,8.06265544891
1094400,-1580800,80.431892395,229.874954224,272.007385254,10.6859455109
1216000,-1580800,93.9629364014,231.286193848,271.918518066,16.1175231934
1337600,-1580800,114.833961487,231.425613403,271.970458984,20.1208381653
1459200,-1580800,133.729598999,232.118453979,271.959503174,1.15814971924
1580800,-1580800,206.092102051,233.597305298,272.025726318,3.43335223198
1702400,-1580800,293.343383789,238.445297241,272.435058594,21.0057106018
1824000,-1580800,558.622924805,245.491821289,272.534393311,460.444274902
1945600,-1580800,1203.61706543,256.997772217,272.412109375,3006.58642578
2067200,-1580800,1529.74230957,263.922668457,272.087127686,3561.59204102
486400,-1702400,231.920516968,239.007904053,271.538299561,1.81659531593
608000,-1702400,114.955696106,230.629089355,271.546203613,1.54928386211
729600,-1702400,86.9374847412,230.587799072,271.615020752,0.70497739315
851200,-1702400,84.0759429932,231.533569336,271.777160645,5.47130870819
972800,-1702400,95.903213501,232.158676147,271.959747314,15.5309295654
1094400,-1702400,114.558586121,233.126647949,271.999053955,29.2026805878
1216000,-1702400,131.046432495,234.356338501,272.037322998,112.763320923
1337600,-1702400,151.865982056,235.079421997,271.943908691,29.0982627869
1459200,-1702400,159.858200073,235.820037842,271.948638916,6.70580768585
1580800,-1702400,212.077713013,236.59576416,271.993469238,23.6610908508
1702400,-1702400,366.287139893,241.259674072,271.969787598,19.5744781494
1824000,-1702400,589.361877441,247.559356689,271.829101562,15.228345871
1945600,-1702400,919.837158203,256.597747803,272.649993896,21.3284816742
364800,-1824000,444.386535645,245.522567749,271.580413818,0.920756280422
486400,-1824000,202.927398682,234.520355225,271.551513672,0.00218021171167
608000,-1824000,134.152679443,238.392608643,271.590606689,1.12064039707
729600,-1824000,133.211090088,235.031051636,271.746856689,1.92925906181
851200,-1824000,141.942871094,235.3177948,271.93145752,20.5764904022
972800,-1824000,163.01184082,236.702178955,271.968200684,22.5236053467
1094400,-1824000,178.097442627,238.077301025,271.991668701,144.768554688
1216000,-1824000,206.442672729,239.19720459,272.023162842,205.486419678
1337600,-1824000,239.039428711,240.75630188,271.942504883,56.3341522217
1459200,-1824000,261.11026001,242.897567749,271.99520874,19.5541553497
1580800,-1824000,327.273071289,243.34526062,271.993469238,31.9612503052
1702400,-1824000,503.835723877,247.560287476,271.956268311,58.4804420471
1824000,-1824000,890.336120605,255.653823853,272.490753174,40.5384178162
364800,-1945600,385.816772461,242.259887695,271.640075684,0.941685974598
608000,-1945600,189.490783691,243.540802002,271.609436035,0.00481765903533
729600,-1945600,228.328659058,240.498123169,271.627044678,4.24171543121
851200,-1945600,231.261322021,240.466659546,271.712249756,9.5681180954
972800,-1945600,311.661437988,243.132797241,271.9871521,264.526519775
1094400,-1945600,344.544799805,244.596420288,271.974731445,255.73046875
1216000,-1945600,357.404663086,246.093505859,271.989196777,15.3875455856
1337600,-1945600,466.536773682,248.282516479,271.986602783,8.45134162903
1459200,-1945600,616.66003418,250.391265869,272.14743042,85.0339889526
1580800,-1945600,538.166564941,252.164398193,271.961730957,21.9760951996
1702400,-1945600,771.856323242,260.387298584,272.409790039,564.608703613
486400,-2067200,571.743225098,256.756958008,271.560455322,0.0497934632003
851200,-2067200,444.625091553,249.454589844,272.062438965,13.002166748
972800,-2067200,579.265014648,251.962249756,271.74005127,46.2141723633
1094400,-2067200,645.471801758,254.36038208,271.931243896,1949.13208008
1459200,-2067200,818.281677246,259.727203369,272.243591309,96.3804779053
